ID,test2_z.date,xYield_WGS10YR,xYield_FEDMINFRMWG,xYield_GDPPOT,xYield_AAA10Y,xYield_NYXRSA,xYield_CPIHOSNS,xYield_MSPUS,xYield_UEMPMEAN,xYield_CASTHPI,xYield_FDHBFIN,xYield_POP,xYield_USSTHPI,xYield_POPTHM,xYield_WTB3MS,xYield_CSCICP03USM665S,xYield_DGS3MO,xYield_USSLIND,xYield_DTB3,xYield_MICH,xYield_UMCSENT,xYield_BOXRSA,xYield_TB3MS,xYield_GS30,xYield_DGS30,xYield_RU2000PR,xYield_PCDG,xYield_TOTALSL,xYield_MSPNHSUS,xYield_DGS10,xYield_CPALTT01USQ657N,xYield_MVLOAS,xYield_REALLN,xYield_LNS14000031,xYield_ASPUS,xYield_GS3M,xYield_FEDMINNFRWG,xYield_DRCLACBS,xYield_SDXRSA,xYield_GS10,xYield_PCEDG,xYield_CPIFABSL,yFYield_CSUSHPINSA,Q1,Q2,Q3,Q4,BL_yFYield_CSUSHPINSA,115,,29,,57,,,29,,,,,0.07749214,0.103655514,0.09360691
1,3/31/1989,0.009820822,0,0.007987036,0.015929893,-0.000719052,0.007487521,0.035996488,-0.036175969,0.046511628,0.031198233,0.0013058,0.011512839,0.001301292,0.050541346,0.00076611,0.053627329,-0.084210526,0.052099801,-0.034187949,0.043162894,0.005159496,0.058240397,0.002959711,0.007301523,0.062358272,0.000594452,0.030140406,-0.024793388,0.00894184,0.070000748,-0.000314973,0.029792582,0.030612245,0.027777778,0.059481038,0,0.039393939,0.042598864,0.010611087,-0.024921427,0.010743802,0.017413518,1,0,0,0,1,,,90,-0.066236179,6/30/2011,107,0.039699754,9/30/2015,109,-0.106878353,3/31/2016,,0.00891057,-0.022346173,0.007900784
2,6/30/1989,-0.049753679,0,0.007958199,0.50093566,-0.010363478,0.009083402,0.007627119,-0.045575884,0.049427918,-0.019009371,0.002177149,0.013811625,0.002259999,-0.016291629,-0.003861599,-0.0172332,-0.344827586,-0.016782474,0.123893617,-0.051460429,-0.001282354,-0.015222482,-0.036149058,-0.037713086,0.082605733,0.014169978,0.020018751,0.012711864,-0.04924965,0.483561648,0.017873978,0.032207866,-0.036303663,0.017325017,-0.01544838,0,0.026239067,0.057567091,-0.047067413,0.014115252,0.017170891,0.012745729,0,1,0,0,1,,,114,-0.075495679,6/30/2017,100,0.010508178,12/31/2013,85,0.081655403,3/31/2010,,,,
3,9/30/1989,-0.073969919,0,0.007849794,0.19176932,-0.018684316,0.015820786,0.009251472,-0.025280892,0.057566507,0.069323144,0.002686364,0.021255125,0.002756892,-0.066886267,0.000867648,-0.067767804,-0.184210526,-0.066182625,-0.133858121,0.016862244,-0.019232136,-0.067380103,-0.068120896,-0.066594742,0.045534452,0.024919731,0.012891384,0.001115481,-0.074276239,-0.508086253,0.009850877,0.035882441,0,0.023160763,-0.068886338,0,0.014204545,0.03998121,-0.075987769,0.024932434,0.010717846,0.003317931,0,0,1,0,1,,,98,0.022143175,6/30/2013,80,-0.146380322,12/31/2008,77,-0.139203959,3/31/2008,,0.114986758,-0.215581133,0.08440385
4,12/31/1989,-0.02466559,0,0.007698221,0.144838626,-0.003917366,0.003759668,0.04,0.014408641,0.031660939,0.087544666,0.002822152,0.008337451,0.002729127,-0.024612669,3.70E-05,-0.025300182,0.189964161,-0.024918175,-0.036363815,-0.007570295,-0.008693231,-0.024224394,-0.02258735,-0.022848894,-0.031009154,-0.027199301,0.014333373,0.039844257,-0.024713412,0.190374321,-0.008206838,0.030854992,0.07876716,0.00665779,-0.025071927,0,0.00280112,0.033777716,-0.024671052,-0.02722645,0.011665167,0.001690601,0,0,0,1,1,,,86,-0.050879066,6/30/2010,84,-0.024869022,12/31/2009,117,0.162232592,3/31/2018,,,,
5,3/31/1990,0.064196047,0,0.007527232,-0.213017697,-0.007588451,0.013376404,-0.007211538,-0.002840626,0.012035886,0.045294532,0.002243474,0.005512342,0.002262714,0.014376194,-0.000805953,0.014970425,0.385542161,0.014650394,0.12264171,-0.005448601,-0.002497567,0.013937283,0.063865591,0.064103556,-0.046832005,0.047793692,0.010454195,-0.005090836,0.065355718,0.788341587,-0.011630026,0.028529485,-0.053968286,-0.011243386,0.01475548,0,0.005586592,0.022551889,0.065345613,0.047777172,0.023584906,0.008438217,1,0,0,0,1,,,78,0.054393307,6/30/2008,112,0.374942256,12/31/2016,113,0.142703271,3/31/2017,,,,
6,6/30/1990,0.030435992,0.134328358,0.007315118,-0.066435949,-0.016990467,0.008975446,0.023405973,0,0.003335235,0.012572968,0.002976297,0.004142048,0.003112041,-0.001883052,-0.00087343,-0.001950795,-0.269565216,-0.002174485,-0.092437051,-0.003652374,-0.026734687,-0.001718213,0.024881517,0.024421763,0.022272846,-0.032959251,0.002569475,0.023431181,0.029707957,-0.410153609,0.007426035,0.030134993,-0.043624129,0.011371237,-0.001246365,0.134328358,0.002777778,0.012166926,0.030075268,-0.032856993,0.006912442,0.001755534,0,1,0,0,1,,,106,0.083721024,6/30/2015,63,-0.049097315,9/30/2004,65,0.028753364,3/31/2005,,,,
7,9/30/1990,0.003104479,0,0.007129356,-0.031043658,-0.025883593,0.020146782,-0.077287066,0.039886325,0.008354109,0.028381375,0.003475532,0.00600546,0.003538891,-0.034653957,-0.014481977,-0.035626535,-0.758928571,-0.03479223,0.175925833,-0.129765401,-0.025743214,-0.034853701,0.016955723,0.016610898,-0.091055537,-0.00970492,0.010282166,-0.078684453,0.003129191,0.700680678,0.002144063,0.027040192,0.143859684,-0.037698413,-0.036605657,0,0.055401662,-0.003426341,0.0030733,-0.009763794,0.013729977,-0.012934239,0,0,1,0,0,,,102,-0.055924825,6/30/2014,64,-0.038312399,12/31/2004,81,-0.182199326,3/31/2009,,,,
8,12/31/1990,-0.032982571,0,0.006925238,0.282571402,-0.020260711,0.004103359,0.038461538,0.016438352,-0.006679969,0.050237171,0.003602849,-0.003859141,0.00353958,-0.063875746,-0.014569552,-0.065503689,-2.02469137,-0.064503803,0.118110246,-0.176916604,-0.026417927,-0.065091396,-0.028419855,-0.026892301,-0.162075725,-0.025574893,0.003489577,0.045130249,-0.033937804,-0.060990965,-0.021935657,0.019644394,0.064417176,0.03161512,-0.065630398,0,0.052493438,-0.009918269,-0.035235467,-0.025596135,0.009029345,-0.014530266,0,0,0,1,0,,,5082,0.059184833,6/30/2018,91,-0.238589044,9/30/2011,69,0.018689951,3/31/2006,,,,
9,3/31/1991,-0.046360642,0,0.006670518,0.019196004,-0.02360858,0.013537931,-0.012345679,0.01886765,-0.000960699,0.010059536,0.003139137,0.008232446,0.003084121,-0.137457422,0.009937368,-0.139581471,0.180722889,-0.138126422,-0.253521145,0.150972474,-0.03419508,-0.1382928,-0.040951636,-0.04137783,0.196149249,-0.019245364,-0.005161327,-0.015304997,-0.045539193,-0.492602375,-0.029923457,0.020208889,-0.031700316,0.006662225,-0.139556376,0,0.027431421,-0.023533485,-0.045256052,-0.019198712,0.011185682,0.006281096,1,0,0,0,1,,,94,-0.105740374,6/30/2012,92,-0.166394795,12/31/2011,53,0.066688134,3/31/2002,,,,
10,6/30/1991,0.012752814,0.118421053,0.006420598,-0.147540641,-0.012732514,0.004788053,-0.000833333,0.060846825,-0.006294256,0.020325203,0.003129313,0.00684438,0.003192772,-0.079490446,0.009081534,-0.076536089,-2.275510201,-0.077687853,-0.094339537,0.076922985,-0.011982585,-0.076923076,0.014640097,0.013441867,0.156600402,0.007540954,-0.000139101,-0.011934221,0.012750825,-0.278661989,-0.0228471,0.012988324,0.089285714,-0.019192588,-0.075725027,0.118421053,0.02184466,-0.012172137,0.014137172,0.007490566,0.011553835,0.010253591,0,1,0,0,1,,,22,0.166574802,6/30/1994,52,-0.045762801,12/31/2001,101,0.015177263,3/31/2014,,,,
11,9/30/1991,-0.020261268,0,0.006272054,0.081091931,0.013391667,0.011788563,0.000834028,0.03989999,4.40E-05,0.008565737,0.003509792,0.001669648,0.003566705,-0.030999169,8.68E-05,-0.033177163,1.343999989,-0.032540887,-0.03125,0.02353427,0.000328283,-0.032973621,-0.016432905,-0.014776321,0.002653456,0.019122648,-0.006073225,0.013483142,-0.021594938,0.325467068,-0.006469618,0.001430991,-0.073770492,-0.018893387,-0.034282395,0,-0.009501188,0.004392174,-0.023370234,0.019218771,-0.00121531,-0.006592095,0,0,1,0,0,,,118,0.059184833,6/30/2018,99,0.362088891,9/30/2013,49,-0.093383056,3/31/2001,,,,
12,12/31/1991,-0.075086935,0,0.006158123,0.309392351,0.006325941,0.002478681,0,0.069544604,0.007389488,0.028836658,0.003534158,0.014108822,0.003425665,-0.151099687,-0.011182936,-0.156197231,-0.290102395,-0.154356731,-0.053763548,-0.130294398,-0.002435647,-0.155610664,-0.040342298,-0.041310022,0.03479362,-0.014205015,-0.00499294,0.006374167,-0.076100629,-0.038810983,-0.011777995,0.003228291,0.014749292,-0.006877579,-0.157039711,0,-0.016786571,-0.005098478,-0.074727078,-0.014314361,0.002189781,-0.004352361,0,0,0,1,0,,,62,0.130675286,6/30/2004,76,-0.098831646,12/31/2007,13,-0.012015526,3/31/1992,,,,
13,3/31/1992,-0.012015526,0,0.006120432,-0.11768148,0.002588228,0.00989095,-0.004166667,0.118833606,-0.005370475,0.029756191,0.002941827,0.00769005,0.0029419,-0.148889637,-0.001671664,-0.14479217,0.331730771,-0.14292299,-0.102272739,-0.015306122,-0.004407634,-0.142437593,-0.006369427,-0.00601988,0.141684578,0.039216179,0.001312903,-0.016248421,-0.005182437,-0.071536218,-0.007138153,0.006956917,0.180232495,0.000692521,-0.143468951,0,-0.034146341,-0.009512374,-0.005898457,0.03930748,0.003641661,0.008443381,1,0,0,0,1,,,66,-0.022044374,6/30/2005,104,-0.08579322,12/31/2014,9,-0.046360642,3/31/1991,,,,
14,6/30/1992,0.01607444,0,0.006040956,-0.07497289,0.003775383,0.006121941,0.0041841,0.070140495,-0.010359965,0.040641312,0.003263588,-0.000174764,0.003342528,-0.050998221,0.008599678,-0.058469733,0.346570398,-0.056177725,0.139240651,0.115402632,0.010308012,-0.05479452,0.012393205,0.012117546,-0.050417859,0.009692047,-0.002278086,0.000839865,0.009456359,0.164240711,-0.009472874,0.008862406,0.007389163,0.005536332,-0.0575,0,-0.03030303,-0.004436598,0.010041169,0.009606409,0.003144412,0.004347883,0,1,0,0,1,,,58,-0.074779211,6/30/2003,7,0.003104479,9/30/1990,57,-0.021697369,3/31/2003,,,,
15,9/30/1992,-0.100437045,0,0.00601518,0.514088995,-0.000975836,0.010707712,0,0.014981461,-0.001951739,0.008240774,0.003652131,0.011419915,0.003690542,-0.155800873,-0.002083969,-0.163743603,-0.002680962,-0.162030772,-0.055555667,-0.03589523,-0.00563797,-0.162137682,-0.057408271,-0.05723168,-0.021435531,0.022162163,0.002293946,0.009789648,-0.102667939,-0.037280146,0.016475333,-0.000189381,-0.01222489,-0.024776325,-0.164456233,0,-0.033854167,-0.01317309,-0.10302756,0.022157161,0.005787318,-0.001834244,0,0,1,0,0,,,70,0.109914223,6/30/2006,23,0.039007092,9/30/1994,105,-0.132189846,3/31/2015,,,,
16,12/31/1992,0.01168571,0,0.006041823,-0.062025067,0.002181954,0.00048182,0.05,0.029520105,-0.009333333,0.024697939,0.003559534,0.005011809,0.003461731,-0.020972121,0.007861008,-0.002343336,0.518817202,-0.004356106,0,0.093298292,0.003753369,-0.004324323,0.011195791,0.010119097,0.072318449,0.021425838,0.004287536,0.052354585,0.01836797,-0.09800632,-0.000518696,0.007132904,-0.012376262,0.038814397,-0.002116403,0,-0.043126685,-0.018127116,0.019143475,0.021481577,0.004315513,-0.002329578,0,0,0,1,0,,,110,-0.088862613,6/30/2016,87,-0.203094334,9/30/2010,89,0.209855049,3/31/2011,,,,
17,3/31/1993,-0.062099678,0,0.006140378,0.146795702,0.008725167,0.008904693,-0.007936508,-0.030466129,-0.015746972,0.015952835,0.003007667,0.000401238,0.002952647,-0.024949595,0.00533844,-0.037682799,0.005309735,-0.035881271,0.082353186,0.048878245,0.010924129,-0.035830619,-0.058901769,-0.0603538,0.103212378,0.009153756,0.011903473,-0.019742043,-0.07152862,0.191543334,0.005526787,0.000841831,-0.035087744,-0.016983696,-0.038176034,0,-0.016901408,-0.009840808,-0.068709791,0.009112796,0.004536167,0.009152569,1,0,0,0,1,,,74,0.035156807,6/30/2007,56,-0.065661899,12/31/2002,29,0.000782612,3/31/1996,,,,
18,6/30/1993,-0.048530688,0,0.006205994,-0.033479886,0.004067639,0.007633828,0.016,-0.02218115,-0.008523634,0.018603857,0.002970067,0.009511259,0.003036991,-0.004393903,-0.006579533,0.003302938,-0.144366196,0.002574003,0.021738911,-0.055003818,0.000274976,0.002252253,-0.031529366,-0.029522365,0.008969058,0.037870464,0.010786525,0.024167568,-0.043159715,-0.091020265,0.024652848,0.011389634,-0.005194753,0.02902557,0.003307608,0,-0.028653295,-0.020565526,-0.046178344,0.037954028,0.007366681,0.013000999,0,1,0,0,1,,,10,0.012752814,6/30/1991,111,-0.122948358,9/30/2016,17,-0.062099678,3/31/1993,,,,
19,9/30/1993,-0.060489565,0,0.006259925,-0.098180544,0.001680611,0.009706676,0,0.017013236,-0.008504965,0.037365952,0.003377159,0.008116238,0.003418826,0.015057115,-0.004570852,0.011555733,0.203703704,0.011332637,-0.021276385,-0.061439003,0.012380709,0.012359548,-0.079203061,-0.07916467,0.059611823,0.016055724,0.016656004,-0.00393288,-0.062254022,-0.488778215,0.036681496,0.010852229,-0.086161878,-0.006044325,0.012087913,0,-0.056047198,-0.015756355,-0.062326043,0.016001338,0.00353857,0.001088725,0,0,1,0,1,,,14,0.01607444,6/30/1992,95,-0.099239763,9/30/2012,45,0.055469777,3/31/2000,,,,
20,12/31/1993,-0.006703396,0,0.006302435,-0.035961093,0.004884504,0,0,0.022304837,-0.006027728,0.050395736,0.003292873,0.008219795,0.003192767,0.014778955,0.007302804,0.020385785,0.029059831,0.019360213,-0.010869781,0.085701938,0.007744037,0.018867926,-0.029023851,-0.028192681,0.054067932,0.030824342,0.026127903,0.000263754,0.000116823,0.757798226,0.027666358,0.014789278,-0.045714342,0.002027027,0.020629749,0,-0.06875,-0.001204631,-0.001780415,0.030840232,0.008933004,0.001275237,0,0,0,1,1,,,46,-0.044336138,6/30/2000,24,0.069992082,12/31/1994,25,-0.045637415,3/31/1995,,,,
21,3/31/1994,0.078891297,0,0.00637426,-0.116105415,0.004145855,0.009847594,0.023622047,0.029091278,-0.009936092,0.01660772,0.002718224,0.00636587,0.002687857,0.061003196,0.009486417,0.064456341,-0.03986711,0.064424292,-0.054944841,0.106703733,0.013743129,0.059912853,0.070108699,0.072190769,0.036438479,0.026190493,0.028763938,0.021578679,0.084465403,-0.073069585,0.015508959,0.010225912,0.038922217,0.035738368,0.059574469,0,-0.033557047,-0.001253508,0.082045179,0.026199547,0.002795899,0.012220272,1,0,0,0,1,,,2,-0.049753679,6/30/1989,116,0.058015797,12/31/2017,73,0.010793756,3/31/2007,,,,
22,6/30/1994,0.166574802,0,0.006394209,-0.210229826,0.011350102,0.00510773,0,0.012367312,-0.024029401,-0.001815157,0.002881762,0.006048163,0.002939946,0.220000793,-0.000627094,0.232975429,0.081314875,0.228033682,0.023255579,-0.008602151,0.013555624,0.22918808,0.121381469,0.1188019,-0.056393024,0.016808078,0.035692709,0.010819165,0.164062399,-0.0063622,0.048517987,0.01039704,-0.118155645,0.00390625,0.234939759,0,-0.041666667,0.001425996,0.167582298,0.016812908,0.003949349,0.013070038,0,1,0,0,1,,,30,0.138034526,6/30/1996,115,-0.008846547,9/30/2017,61,-0.057702657,3/31/2004,,,,
23,9/30/1994,0.039007092,0,0.006433502,-0.016337647,0.005899586,0.00970201,-0.002307692,-0.01396178,-0.014772618,0.033489923,0.003191489,0.004081408,0.003229023,0.128713284,-0.001081926,0.120942515,0.040000003,0.120388249,0.068181826,-0.015907484,0.003957776,0.122909699,0.031702853,0.030848824,0.003233387,0.017686034,0.034785207,-0.012742355,0.033634595,0.384051552,0.046519241,0.019177213,-0.019607843,-0.009079118,0.123577237,0,-0.018115942,-0.001173683,0.035294119,0.017648425,0.010414258,-0.000739321,0,0,1,0,0,,,54,0.004844203,6/30/2002,67,0.000772896,9/30/2005,37,-0.054198202,3/31/1998,,,,
24,12/31/1994,0.069992082,0,0.006491637,-0.135672538,0.001355373,-0.001144132,0.017733231,-0.024778411,-0.014847119,-0.021554252,0.003143418,-0.000823949,0.003063251,0.183873632,0.002870782,0.181137038,-0.043076926,0.178960367,-0.021276385,0.02645114,0.006517531,0.179448994,0.048726956,0.048985984,-0.007525348,0.03695984,0.040194283,0.024522722,0.069493198,-0.466238557,0.022626761,0.021864973,-0.08,0.021596859,0.180173661,0,0.011070111,-0.008152612,0.068636458,0.036927622,0.005955338,-0.00179985,0,0,0,1,0,,,42,0.111145459,6/30/1999,68,0.068677185,12/31/2005,97,0.14124597,3/31/2013,,,,
25,3/31/1995,-0.045637415,0,0.006518802,0.097139763,0.002562506,0.009619791,-0.015151515,-0.067150986,-0.006416314,0.059493481,0.002702655,0.0053326,0.002682502,0.086113943,0.000741562,0.086797001,-0.18971061,0.085763384,0,0.012884754,0.003414047,0.0864899,-0.041021266,-0.04202095,0.023612733,-0.016741845,0.03915243,-0.010077853,-0.04669045,0.753662393,0.010690555,0.027127296,-0.101449239,-0.01665599,0.088289393,0,0.047445255,-0.006424798,-0.04508728,-0.01667189,0.007286202,0.008524259,1,0,0,0,1,,,6,0.030435992,6/30/1990,79,-0.002381012,9/30/2008,21,0.078891297,3/31/1994,,,,
26,6/30/1995,-0.117235695,0,0.006466784,0.299823969,-0.00257325,0.006125228,0.03,-0.017509731,0.009261113,0.078500707,0.002782074,0.016295729,0.002838859,-0.024416421,-0.00248845,-0.024431342,-0.375,-0.024590922,0,-0.028268482,0.002572011,-0.024404416,-0.088607635,-0.089737214,0.068469733,0.009113854,0.035250501,0.022143033,-0.116597134,0.072243261,0.027687218,0.021945071,0.07661286,0.035179153,-0.023661972,0,0.045296167,-0.007607132,-0.115367444,0.009121043,0.00813743,0.011041151,0,1,0,0,1,,,26,-0.117235695,6/30/1995,44,0.041942251,12/31/1999,41,0.064872961,3/31/1999,,,,
27,9/30/1995,-0.042404473,0,0.006590732,0.063995158,0.00035455,0.010823001,-0.014189694,-0.031682977,0.011358564,0.075934426,0.003169081,0.015388754,0.003227604,-0.040291528,0.000945722,-0.041470726,0.269841267,-0.04048916,-0.065217384,0.016363636,0.011486298,-0.04109589,-0.03591954,-0.032398849,0.116930621,0.024930054,0.032615192,-0.014193224,-0.041052496,-0.504380201,0.038840358,0.021351111,0.056179775,-0.007551919,-0.04270052,0,0.063333333,-0.005186968,-0.044813746,0.02488303,0.00381121,0.000310466,0,0,1,0,1,,,18,-0.048530688,6/30/1993,103,-0.046334515,9/30/2014,33,0.030860486,3/31/1997,,,,
28,12/31/1995,-0.067396617,0,0.006779694,-0.016175203,0.003717312,0.001115548,0.045454545,-0.004090184,-0.001373222,0.01803998,0.003200291,0.007842722,0.003069655,-0.020633328,-0.003633542,-0.020195649,0.095000003,-0.019838277,-0.023255928,-0.036135992,0.003212059,-0.019875777,-0.071535022,-0.071631884,0.008439783,0.01509471,0.034356369,0.037635252,-0.068042974,0.095202789,0.030256337,0.01002257,-0.081560319,0.020291693,-0.020494273,0,0.034482759,-0.003699878,-0.068002112,0.015096494,0.005807685,-0.001531025,0,0,0,1,0,,,38,0.000274935,6/30/1998,83,0.070027933,9/30/2009,5,0.064196047,3/31/1990,,,,
29,3/31/1996,0.000782612,0,0.007041442,0.04170974,0.005922396,0.010472594,-0.007246377,0.022587479,4.91E-05,0.087284483,0.002485201,0.011251906,0.002490476,-0.062472568,0.001006276,-0.064238744,-0.089041096,-0.062936848,0.011904643,0.0077951,0.011924573,-0.062737643,0.010700963,0.010293886,0.046601176,0.011626053,0.030006618,-0.006085445,0.002023549,0.899976317,0.008418036,0.011667483,0.123552167,0.001243008,-0.064000001,0,0.012121212,0.000357156,0.002828111,0.011601217,0.00799467,0.013432341,1,0,0,0,1,,,34,0.023714392,6/30/1997,75,-0.022059975,9/30/2007,1,0.009820822,3/31/1989,,,,
30,6/30/1996,0.138034526,0,0.007335616,-0.212400581,0.004546131,0.006615214,0.021167883,0.048192771,-0.012817365,0.023785927,0.002778627,0.001767795,0.002845572,0.018414482,0.001685464,0.016309617,0.323308271,0.017841954,0.058823654,0.011049724,0.011869956,0.018255578,0.100052933,0.098802871,0.094199751,0.025017239,0.024345505,0.020083027,0.13595807,0.085345624,0.035901869,0.008867054,-0.010309278,0.030415891,0.017094018,0,0.04491018,-0.000365374,0.137055838,0.025058048,0.009473232,0.012128597,0,1,0,0,1,,,,,,88,0.015156713,12/31/2010,,,,,,,
31,9/30/1996,0.009849983,0,0.007651515,-0.094481257,1.11E-05,0.010952462,0.000714796,-0.026820115,-0.001840613,0.068516726,0.003195652,0.004463591,0.00325718,0.016089488,0.003279479,0.016760623,0.039772727,0.015599701,0.033333333,0.03715847,0.013114367,0.015272245,0.005774783,0.006116444,-0.053071795,0.00450962,0.023707358,0.008884036,0.009215882,-0.461845421,0.02845937,0.00629013,-0.045138854,-0.012048193,0.016806721,0,0.037249284,-0.00371991,0.008928571,0.004534303,0.010694459,-0.000378752,0,0,1,0,0,,,,,,15,-0.100437045,9/30/1992,,,,,,,
32,12/31/1996,-0.062833183,0.117647059,0.008016315,0.093576264,0.005244492,0.000867172,0.029285714,-0.05905513,0.005183155,0.109422186,0.003280295,0.007802408,0.003196259,-0.025335545,0.002896361,-0.025252005,-0.204007284,-0.024106763,-0.032258065,0.027748472,0.01195004,-0.023544801,-0.050717797,-0.049323088,0.057916896,0.015100488,0.019007416,0.028557823,-0.06224142,0.352798141,0.008442263,0.022619444,-0.018181854,0.042682927,-0.025429116,0.117647059,0.019337017,0.006427454,-0.064405162,0.015013247,0.012524074,0.001415685,0,0,0,1,1,,,,,,12,-0.075086935,12/31/1991,,,,,,,
33,3/31/1997,0.030860486,0,0.008521271,-0.025923857,0.006729596,0.010608138,0.006245663,-0.010459835,0.005106847,0.050358407,0.002685507,0.008305989,0.002646945,0.017948321,0.002122435,0.017316959,0.205949656,0.017717387,-0.022222333,0.015379358,0.017519196,0.016744808,0.03074607,0.029658484,0.04057774,0.023127975,0.015337834,0.008791761,0.033490636,-0.065553293,-0.014296297,0.021782749,0.003703667,0.007017544,0.016960209,0,0.016260163,0.009662588,0.034682083,0.023201856,0.002772233,0.014200988,1,0,0,0,1,,,,,,96,0.038912242,12/31/2012,,,,,,,
34,6/30/1997,0.023714392,0,0.008976196,0.015896524,0.005800705,0.003856041,0.005517241,-0.016913527,0.009964483,0.021682792,0.002799454,0.008390115,0.002864462,-0.002127983,0.004589362,-0.001026068,0.074003795,-0.002520992,-0.011363524,0.040390442,0.015496283,-0.002635045,0.017114816,0.017320915,0.004970246,-0.012760934,0.013545717,0,0.020205269,-0.410219084,0.030089165,0.030326986,-0.014760111,0.029036005,-0.001282874,0,0.002666667,0.01150808,0.020314983,-0.012755102,0.002765207,0.014602907,0,1,0,0,1,,,,,,51,-0.054073637,9/30/2001,,,,,,,
35,9/30/1997,-0.067431093,0.028070105,0.009308632,0.057743835,0.011353531,0.008962868,-0.005486968,0.038709677,0.019976556,0.040415997,0.003249507,0.013766325,0.003315384,0.000609291,0.002844576,-0.001173568,-0.060070675,3.09E-05,-0.057471379,0.027175672,0.012774447,0,-0.058173032,-0.05888588,0.151658961,0.037600472,0.012778077,0.000458945,-0.068286762,-0.003953382,0.025170877,0.022450545,-0.112359551,-0.014108352,-0.001284522,0.028070105,-0.013297872,0.01814393,-0.067695467,0.037563451,0.005938281,0.006126202,0,0,1,0,1,,,,,,40,-0.111339273,12/31/1998,,,,,,,
36,12/31/1997,-0.053861273,0.054607581,0.009585883,0.048607216,0.010802894,0.000634518,-0.005517241,-0.01863354,0.017478332,0.009020723,0.003230564,0.01293275,0.003127392,0.005023597,-0.000207626,0.008343189,0.10902256,0.008012107,0.03658537,-0.008188914,0.020045936,0.008586525,-0.059213936,-0.058769028,0.043188225,0.019898198,0.015951996,-0.008711829,-0.053810939,-0.003937834,0.02232513,0.016636474,0.021097089,0.004006869,0.009003216,0.054607581,0.010781671,0.027647423,-0.053924082,0.019969514,0.005481973,0.009735478,0,0,0,1,1,,,,,,59,0.163555381,9/30/2003,,,,,,,
37,3/31/1998,-0.054198202,0,0.009818555,0.109451848,0.01871295,0.006764109,0.055478502,-0.040084177,0.021507907,0.00716817,0.002627713,0.014928305,0.002568135,-0.003029386,0.00227917,-0.007837749,-0.135593222,-0.007699801,-0.152941077,0.027310193,0.024356243,-0.007203668,-0.042322303,-0.042093205,0.024769686,0.000733897,0.007775394,0.056197978,-0.053384781,-0.318473188,-0.000538272,0.016236025,-0.028925701,0.02622577,-0.007648184,0,-0.002666667,0.038333437,-0.054176069,0.000678242,0.006290626,0.021744054,1,0,0,0,1,,,,,,3,-0.073969919,9/30/1989,,,,,,,
38,6/30/1998,0.000274935,0,0.010025821,-0.031010449,0.018968413,0.007347888,-0.017739816,-0.043956254,0.021561852,0.004398241,0.002659758,0.009047803,0.002739771,-0.017016103,-0.000650199,-0.014125282,0.029411765,-0.015088306,0.069444583,-0.008346214,0.0280198,-0.015171503,-0.005665666,-0.006394117,0.036593155,0.042748969,0.030218891,-0.016422163,0.000363442,0.994646858,0.025601568,0.017600362,-0.068085067,-0.006666667,-0.014771998,0,0.00802139,0.038969428,0.001789976,0.042745425,0.003333819,0.021952299,0,1,0,0,1,,,,,,8,-0.032982571,12/31/1990,,,,,,,
39,9/30/1998,-0.063470323,0,0.010190768,0.230244631,0.020045825,0.009170698,0.023411371,-0.029884828,0.02615794,-0.025318471,0.003076192,0.013905538,0.003120746,-0.0251932,-0.004391283,-0.030317165,-0.049523811,-0.029729233,-0.051948305,-0.032107202,0.03038322,-0.03081045,-0.064387521,-0.063372789,-0.138178933,0.020547607,0.01639974,0.023597957,-0.068955998,-0.273121814,0.035097874,0.00872774,0.059360685,0.030760626,-0.030638851,0,-0.00265252,0.037059979,-0.070280043,0.020583352,0.004984424,0.009551121,0,0,1,0,1,,,,,,55,-0.160289329,9/30/2002,,,,,,,
40,12/31/1998,-0.111339273,0,0.010297403,0.296624399,0.017112462,-0.000413259,0,0.009478434,0.019162308,0.044518869,0.003085932,0.011823126,0.003023896,-0.123989218,-0.00241946,-0.120437829,0.004008018,-0.118830989,0,-0.031884058,0.020612138,-0.118175536,-0.066991356,-0.068747503,-0.055191126,0.051137261,0.016846108,-0.003914745,-0.104738423,-0.108731123,0.02807324,0.022319396,-0.12931035,-0.015192621,-0.119031607,0,-0.010638298,0.024597756,-0.102498341,0.051078463,0.008265964,0.009637797,0,0,0,1,1,,,,,,60,0.014220601,12/31/2003,,,,,,,
41,3/31/1999,0.064872961,0,0.010296099,-0.14158548,0.015311754,0.005991943,0.02875817,-0.046948592,0.015481478,-0.005005083,0.002613349,0.010563216,0.002535328,0.037466064,0.004998021,0.03728493,0.017964072,0.036322724,0.082191792,0.056886228,0.037683472,0.036050158,0.051566511,0.055122048,0.071387699,-0.006351272,0.02092041,0.027074012,0.072691919,0.113784473,0.023442157,0.016924658,-0.079207875,0.041873278,0.036641221,0,0.016129032,0.03176098,0.067094861,-0.006301757,0.006148802,0.024560614,1,0,0,0,1,,,,,,71,-0.034576962,9/30/2006,,,,,,,
42,6/30/1999,0.111145459,0,0.010490407,-0.026681632,0.028184459,0.006572397,0.008259212,0.009852712,0.017241379,-0.010610705,0.002624883,0.013412886,0.002734236,0.00645499,0.001163661,0.012854995,-0.035294118,0.009743831,0.012658483,0.003147592,0.029000671,0.010590014,0.080074488,0.077357347,0.064665737,0.042511232,0.018897564,0.006802934,0.108068277,1.516595243,0.036105052,0.014214801,0.032258065,0.01427816,0.013254786,0,-0.042328042,0.02350867,0.11170576,0.042481359,0.002648605,0.025603315,0,1,0,0,1,,,,,,27,-0.042404473,9/30/1995,,,,,,,
43,9/30/1999,0.067243264,0,0.010483032,0.037568652,0.030234107,0.009793918,0.002520479,-0.029268286,0.022835435,0.017953607,0.003146493,0.014102506,0.003181841,0.047321893,-0.000750593,0.046120807,0.01422764,0.045047576,0.024999747,-0.003137716,0.033731687,0.044161677,0.04137931,0.041985642,0.011625216,0.019169284,0.023048365,0.005489441,0.061668216,-0.360384078,0.033014285,0.023155242,0.083333281,0.006256517,0.045058138,0,-0.019337017,0.029131542,0.061973466,0.019146818,0.004062982,0.01380539,0,0,1,0,1,,,,,,4,-0.02466559,12/31/1989,,,,,,,
44,12/31/1999,0.041942251,0,0.01043289,-0.070499127,0.026371698,-0.000404324,0.038969202,-0.017588438,0.021264438,-0.009911035,0.003087625,0.010351035,0.003007317,0.08225753,0.000819354,0.086008542,0.070140283,0.085355334,0.073170741,-0.005980453,0.032871727,0.084587813,0.035320033,0.035568445,0.020640666,0.005897673,0.014879899,0.045569518,0.044513238,-0.006178989,0.010562817,0.044591131,0.043269233,0.061139896,0.085535466,0,-0.011267606,0.032545945,0.043626121,0.005930667,0.00627317,0.014786618,0,0,0,1,1,,,,,,47,-0.047761097,9/30/2000,,,,,,,
45,3/31/2000,0.055469777,0,0.010300308,-0.074819062,0.028092222,0.01253305,0,-0.017902562,0.043481736,-0.144793884,0.002597131,0.019109131,0.002537489,0.098791865,0.003712917,0.095442117,-0.116104871,0.095322798,0.034090913,0.046231727,0.025595444,0.094514211,0.007995736,0.005641216,0.207742414,0.050832507,0.016492868,-0.013858202,0.052657848,0.602998315,0.019949282,0.045058703,0.004608387,-0.009277344,0.09481102,0,-0.011396011,0.035136585,0.055374593,0.050817879,0.005227829,0.030013112,1,0,0,0,1,,,,,,11,-0.020261268,9/30/1991,,,,,,,
46,6/30/2000,-0.044336138,0,0.010236304,0.277068402,0.034489862,0.009382709,-0.012704174,-0.028646094,0.027001149,-0.022396313,0.002466645,0.01630316,0.002480232,0.033681279,-0.000997799,0.033556862,0.063559322,0.033590766,0,-0.012409141,0.04197642,0.035024154,-0.051824328,-0.04957368,-0.077252267,-0.020571739,0.024612531,-0.007331974,-0.043827133,0.069407618,0.049056877,0.044804466,-0.068807336,-0.002464268,0.033937975,0,0.017291066,0.046176317,-0.046810648,-0.020560413,0.006201642,0.026608775,0,1,0,0,1,,,,,,43,0.067243264,9/30/1999,,,,,,,
47,9/30/2000,-0.047761097,0,0.009978322,0.078784268,0.031063561,0.01443869,0.034313725,0.03217159,0.033488719,-0.020646743,0.002736574,0.018148976,0.002718775,0.053049685,-0.001409078,0.051904697,-0.446215136,0.05335963,-0.054944841,-0.011952191,0.038132706,0.053092183,-0.029559452,-0.031083268,0.042301822,0.010784639,0.039210795,0.040418129,-0.047709583,-0.24869882,0.034989647,0.031444094,0.004926059,0.008399209,0.052631579,0,0.008498584,0.039887584,-0.045871665,0.010791707,0.00894632,0.017011191,0,0,1,0,1,,,,,,16,0.01168571,12/31/1992,,,,,,,
48,12/31/2000,-0.054467043,0,0.009654651,0.072727166,0.02591091,0.004483914,0.0242891,-0.023376629,0.030996283,-0.022718521,0.002806585,0.015459998,0.002652344,0.000255722,-0.004765816,-0.000306704,-0.053956834,7.87E-05,0.034883717,-0.032878473,0.043173819,0,-0.018965517,-0.017415181,-0.082583684,0.004568599,0.030734264,0.011634986,-0.054194332,-0.322465038,0.027044101,0.01236153,0.019607794,0.039196472,-0.000537634,0,0.019662921,0.032985219,-0.055429754,0.004570311,0.004531625,0.013675676,0,0,0,1,1,,,,,,20,-0.006703396,12/31/1993,,,,,,,
49,3/31/2001,-0.093383056,0,0.00911646,0.104995156,0.030819356,0.017468947,-0.017929439,0.018617558,0.038429231,-0.002659574,0.002419122,0.024625624,0.002292618,-0.198261538,-0.012227406,-0.204313103,-0.395437265,-0.201162822,-0.033707861,-0.112251383,0.046738311,-0.199445983,-0.043350967,-0.043913077,0.001940762,0.011997952,0.026767632,-0.012280702,-0.094504496,0.77613756,0.015770935,0.01342962,0.033653944,-0.005186233,-0.201721355,0,0,0.045368179,-0.092814426,0.012010919,0.009807966,0.022693825,1,0,0,0,1,,,,,,19,-0.060489565,9/30/1993,,,,,,,
50,6/30/2001,0.045405908,0,0.008552808,-0.040579781,0.026031145,0.008393935,0.05418139,-0.02872088,0.030468487,-0.028839506,0.002400262,0.016766807,0.002352828,-0.241549744,-0.001582865,-0.241771456,-0.383647792,-0.239863816,0.081395223,-0.013728359,0.026486272,-0.240138409,0.047152544,0.047320765,0.013136799,-0.007910998,0.020528009,0.045786264,0.04599268,0.089565556,0.033497322,0.022783129,0.10232553,0.000947867,-0.242587601,0,0.013774105,0.029854325,0.043564356,-0.007948139,0.008158508,0.023642378,0,1,0,0,1,,,,,,31,0.009849983,9/30/1996,,,,,,,
51,9/30/2001,-0.054073637,0,0.008143883,0.081518333,0.029521669,0.008324064,-0.036312849,0.059139516,0.021161771,0.009051154,0.002655383,0.015492114,0.002619039,-0.123397099,-0.003305243,-0.122179355,-0.66326531,-0.121353049,-0.129032258,-0.02673989,0.027902853,-0.133879781,-0.030994211,-0.03027768,-0.045935733,0.004795107,0.013338854,-0.027929615,-0.053154265,-0.874041578,0.039700317,0.008500043,0.050632911,-0.016098485,-0.135231317,0,0.010869565,0.01606564,-0.055028463,0.004785383,0.008284971,0.008384501,0,0,1,0,1,,,,,,36,-0.053861273,12/31/1997,,,,,,,
52,12/31/2001,-0.045762801,0,0.007759939,0.031517489,0.028420565,-0.004690806,-0.008115942,0.068527936,0.014029019,0.048276557,0.002669361,0.012385483,0.002549169,-0.402398081,-0.003226976,-0.406239029,-4.121212091,-0.404012829,-0.604938148,-0.038765599,0.02399286,-0.398527864,-0.039227401,-0.04037494,-0.030660717,0.07792503,0.025392205,0.008736168,-0.046768065,-3.140044428,0.062763995,0.018251626,0.02811241,0.030798845,-0.400205762,0,-0.021505376,0.024745037,-0.042168675,0.077969365,0.004968661,0.010673867,0,0,0,1,1,,,,,,35,-0.067431093,9/30/1997,,,,,,,
53,3/31/2002,0.066688134,0,0.007307476,-0.289752304,0.018069505,0.008859757,0.102863822,0.071258924,0.026722259,0.016440727,0.002285425,0.014370048,0.002178398,-0.10232745,0.008202399,-0.100193031,-2.495145636,-0.101100999,1.093749033,0.093970246,0.016083771,-0.097902099,0.022298931,0.023593741,0.077471815,-0.019714183,0.015926168,0.080831409,0.066582012,-2.270239428,0.011985684,0.015213368,0.070312503,0.062558357,-0.096054885,0,-0.010989011,0.020001293,0.064290776,-0.019714128,0.005134056,0.031453005,1,0,0,0,1,,,,,,48,-0.054467043,12/31/2000,,,,,,,
54,6/30/2002,0.004844203,0,0.00696398,0.043702809,0.033989026,0.008781951,-0.007949126,0.108647918,0.033964006,0.062334468,0.002220629,0.01699977,0.002226985,-0.004917301,0.001421609,-0.004607636,0.389610392,-0.003928954,0.22388063,0.010379421,0.03505853,-0.003875971,-0.009101382,-0.008827624,0.016380127,0.00117593,0.018025947,-0.005163996,0.00530146,2.041764074,0.014860064,0.018200767,0.029197118,0,-0.0056926,0,-0.025,0.048269681,0.004596126,0.001160851,0.002270148,0.031942816,0,1,0,0,1,,,,,,39,-0.063470323,9/30/1998,,,,,,,
55,9/30/2002,-0.160289329,0,0.006733623,0.294305937,0.048538842,0.008334875,-0.048611111,0.019999796,0.037608974,0.058320719,0.002548431,0.019840373,0.002533956,-0.038634318,-0.007566457,-0.041517538,0.350467291,-0.041298204,-0.060975373,-0.072617747,0.041640324,-0.040856031,-0.009184978,-0.008906245,-0.20222575,0.024885487,0.015943915,-0.04778952,-0.163285282,-0.607711481,0.01557673,0.04006043,-0.02482266,-0.037346221,-0.041984737,0,-0.005698006,0.05382376,-0.164705882,0.024895948,0.001132503,0.016086802,0,0,1,0,1,,,,,,28,-0.067396617,12/31/1995,,,,,,,
56,12/31/2002,-0.065661899,0,0.006575475,0.091595687,0.043524945,-0.001286186,0.067377878,0.056862941,0.029134287,0.039542319,0.002549929,0.014175496,0.002441878,-0.18224299,-0.00419251,-0.183887833,-0.273356399,-0.182910217,-0.038961034,-0.039343085,0.032932914,-0.188640974,-0.009270124,-0.008986279,-0.035757566,-0.015588188,0.009778354,0.067669186,-0.06261317,-0.264007255,0.007941444,0.0590949,0.112727232,0.061159288,-0.189243024,0,-0.011461318,0.050863306,-0.05946784,-0.01560625,0.003393665,0.014118614,0,0,0,1,1,,,,,,32,-0.062833183,12/31/1996,,,,,,,
57,3/31/2003,-0.021697369,0,0.006599943,-0.083733217,0.035543768,0.011219792,-0.021567596,0.022263447,0.023099,0.032049207,0.002137696,0.01219379,0.002084035,-0.139428573,-0.002496654,-0.139984009,-0.119047614,-0.13989964,0.121621605,-0.046123183,0.018313517,-0.132499995,-0.009356864,-0.009067765,-0.022294518,-0.011735059,0.014035678,-0.024999828,-0.021184123,2.225174501,0.001827188,0.041804416,-0.009803922,0.002580645,-0.132678132,0,-0.008695652,0.036325671,-0.021630697,-0.011729743,0.006012965,0.026647651,1,0,0,0,1,,,,,,72,-0.054036994,12/31/2006,,,,,,,
58,6/30/2003,-0.074779211,0,0.006482246,-0.190152969,0.023177,0.007456892,0.031182796,0.058075852,0.0186557,0.075831242,0.002200099,0.012154776,0.002222652,-0.098273578,0.007659712,-0.09862933,-0.389189187,-0.100062645,-0.216867444,0.116298453,0.014922889,-0.100864556,-0.009445242,-0.009150742,0.125014031,0.034155847,0.016344778,0.034489166,-0.076368622,-0.640006628,0.023677589,0.03293503,0.082508218,0.033891034,-0.099150144,0,-0.032163743,0.026050694,-0.076530612,0.034170202,0.006350204,0.030663245,0,1,0,0,1,,,,,,,,,,,,,,,
59,9/30/2003,0.163555381,0,0.006440497,-0.132391782,0.022159193,0.007040983,0.000521376,0.001715609,0.033740609,0.05204461,0.00247734,0.015313011,0.002485076,-0.111929302,0.001744075,-0.104899004,2.026548646,-0.106740206,0.076922757,0.000373376,0.011329496,-0.105769231,-0.009535305,-0.009235251,0.161903828,0.03369355,0.011754769,-0.000349276,0.16765595,0.34509984,0.032258526,0.03842903,-0.036585367,0.029460581,-0.103773585,0,-0.063444109,0.043157217,0.169429006,0.033669655,0.0077951,0.021327768,0,0,1,0,1,,,,,,,,,,,,,,,
60,12/31/2003,0.014220601,0,0.00640663,-0.064615841,0.033931407,-0.00340606,0.035956227,0.010273971,0.063959653,0.055289961,0.002491832,0.02830948,0.002389561,-0.011608623,0.003831401,-0.013347798,0.397660816,-0.013612351,0.128571447,0.029861926,0.025650107,-0.014336914,-0.009627102,-0.009321336,0.104031417,0.005085546,0.010246296,0.04277999,0.0136021,-0.963143569,0.0121727,-0.001759397,-0.063291078,0.031841999,-0.017543863,0,0.058064516,0.067540193,0.012598584,0.005087511,0.01160221,0.025099753,0,0,0,1,1,,,,,,,,,,,,,,,
61,3/31/2004,-0.057702657,0,0.006438849,0.048605387,0.034767053,0.009534269,0.069919517,0.013558981,0.032038505,0.096448034,0.001978778,0.015585653,0.001945354,-0.004194638,0.004368797,-0.001552256,-0.069037657,0.000528447,0.037974688,0.065603441,0.027327671,0,-0.009720684,-0.009409041,0.08986185,0.016383751,0.013535873,0.069490779,-0.064212523,48.9909758,0.001065722,0.021566209,-0.047297329,0.026953125,-0.003571425,0,-0.045731707,0.068188774,-0.062208471,0.016394944,0.006553796,0.042651617,1,0,0,0,1,,,,,,,,,,,,,,,
62,6/30/2004,0.130675286,0,0.006593502,-0.075308636,0.034351435,0.011403954,0.023037142,0.001672576,0.062394008,0.039161677,0.002141095,0.024225975,0.002185215,0.164279697,-0.00318225,0.17395059,0.062921353,0.17764085,0.195122219,-0.047619082,0.027599268,0.174545454,-0.009816103,-0.009498412,-0.016512342,0.001637805,0.01084343,0.01722264,0.146408229,0.585683603,0.010163168,0.054788713,-0.007092234,0.009128946,0.179211473,0,-0.009584665,0.090242459,0.144278607,0.001628778,0.010128595,0.036451043,0,1,0,0,1,,,,,,,,,,,,,,,
63,9/30/2004,-0.049097315,0,0.006564725,0.009903369,0.035869671,0.009689746,-0.018841912,-0.048414182,0.101829066,0.034055549,0.002450514,0.038309288,0.0024857,0.381331409,0.001182179,0.381138724,-0.112050742,0.379480301,-0.122448967,0.024285751,0.016761796,0.380804952,-0.009913414,-0.009589497,-0.032716011,0.017893528,0.012439054,-0.011698013,-0.064321244,-0.753528583,0.02893409,0.025418057,0.114285754,0.032793064,0.379939202,0,-0.016129032,0.066773546,-0.064492826,0.017918008,0.006624708,0.024311827,0,0,1,0,1,,,,,,,,,,,,,,,
64,12/31/2004,-0.038312399,0,0.006478956,-0.025309991,0.031200275,-0.001046938,0.071662763,0.02807,0.038150429,0.030537754,0.002538492,0.021299389,0.002488732,0.357591858,-0.000864217,0.352408282,-0.023809521,0.351634914,0.034883717,-0.018131067,0.023314107,0.349775784,-0.010012674,-0.009682345,0.105888122,0.020279325,0.017395006,0.064164782,-0.029199755,0.694022513,0.009642725,0.035068108,0.003205096,0.044890511,0.348017624,0,-0.006557377,0.031628906,-0.030209143,0.02024447,0.006937033,0.03001035,0,0,0,1,1,,,,,,,,,,,,,,,
65,3/31/2005,0.028753364,0,0.006394571,-0.219720664,0.039183901,0.010655373,0.016171329,-0.008532083,0.04368725,0.055534527,0.002169031,0.023014747,0.002117662,0.269915204,-0.000810539,0.26460675,-0.041463417,0.264461249,0.011235841,0.002130682,0.026434824,0.264119601,-0.010113942,-0.00977701,0.020552507,0.002632221,0.011571316,0.009366163,0.03060511,0.052532026,0.007444632,0.03412865,-0.01916933,0.007684247,0.266339868,0,-0.03960396,0.027756085,0.029552878,0.002619614,0.00317965,0.045011773,1,0,0,0,1,,,,,,,,,,,,,,,
66,6/30/2005,-0.022044374,0,0.00616311,-0.034934111,0.034974363,0.010024022,0.00516129,-0.034423574,0.058293716,-0.037909836,0.002060305,0.031936068,0.002139293,0.125436774,-0.002583803,0.130364972,0.142493641,0.127029154,0.077777667,-0.041105633,0.015249901,0.128777921,-0.010217279,-0.009873544,-0.022057481,0.025184601,0.012748653,0.001449761,-0.033695688,1.125516186,0.007187828,0.035342758,-0.10749186,-0.002426343,0.132903229,0,-0.020618557,0.016242284,-0.031807678,0.025226741,0.008628104,0.037510221,0,1,0,0,1,,,,,,,,,,,,,,,
67,9/30/2005,0.000772896,0,0.00597082,-0.108502538,0.025916108,0.010437885,0.011553273,-0.039215508,0.049274396,0.027689031,0.002483176,0.030187907,0.002544079,0.17400108,-0.005266043,0.174790454,0.022271713,0.173270834,0.072165162,-0.029933481,-0.002634291,0.17345751,-0.010322749,-0.009972003,0.087937763,0.012211776,0.012344437,0.027508618,0.013601232,-0.090090034,0.019305915,0.042074789,-0.07299263,0.023627519,0.173120726,0,-0.01754386,0.011949067,0.012820433,0.012215127,0.003491795,0.02068491,0,0,1,0,1,,,,,,,,,,,,,,,
68,12/31/2005,0.068677185,0,0.005746846,0.011469552,0.037445431,0.007959527,0.030456853,-0.018553243,0.044786353,0.05388601,0.002560346,0.022693748,0.002515351,0.14407267,-0.004522818,0.138245034,-0.054466229,0.137594949,0.057692302,-0.0579048,0.002614131,0.13888889,-0.01043042,-0.010072445,-0.003065272,-0.032183148,0.008170121,0.015076509,0.064776013,-0.582544367,-0.002560922,0.028234343,0.051181061,-0.001357773,0.138834953,0,-0.039285714,0.015159662,0.065664641,-0.032209522,0.006784969,0.012151241,0,0,0,1,1,,,,,,,,,,,,,,,
69,3/31/2006,0.018689951,0,0.005380749,-0.077507494,0.025833272,0.01108871,0.01683087,-0.020793577,0.020616907,0.023647984,0.002188401,0.015865971,0.002191287,0.148140702,0.006895314,0.151524261,0.11751152,0.149662078,-0.181818256,0.0788516,-0.001945925,0.148083622,-0.01054036,-0.010174931,0.097123478,0.035329156,0.040403785,0.019572462,0.019807508,0.061275833,-0.049999314,0.02614122,-0.071161011,0.037729436,0.151747655,0,0.033457249,0.008716804,0.017817372,0.035344777,0.006911871,0.013744581,1,0,0,0,1,,,,,,,,,,,,,,,
70,6/30/2006,0.109914223,0,0.005103344,0.006599217,0.007716554,0.009637587,-0.005651998,-0.027027215,0.008908267,-0.050093655,0.002187651,0.010211883,0.002254677,0.071078433,-0.005402373,0.07179357,-0.303092783,0.070332365,0.177777667,-0.057721104,-0.011206567,0.070561457,0.10823452,0.102928208,0.008996839,-0.004227434,0.010156621,0.005309735,0.108278457,2.139326397,-0.009966967,0.029566487,0.032257983,-0.00884376,0.071798669,0,0.050359712,-0.006285558,0.10940919,-0.00424561,0.002746182,0.001181691,0,1,0,0,1,,,,,,,,,,,,,,,
71,9/30/2006,-0.034576962,0,0.004940019,-0.045419533,-0.012441365,0.011849903,-0.043442956,0.017857143,0.003140108,0.024016584,0.002565114,0.008270717,0.002587062,0.042497548,0.000976204,0.042425239,-0.260355035,0.042175174,-0.047169627,0.002784368,-0.018344986,0.043231752,-0.027904086,-0.028918829,-0.036091941,0.009817716,0.006247931,-0.040222107,-0.035327552,-0.668968577,0.023182476,0.024894784,0.01171875,0.01817581,0.042817678,0,0.01369863,-0.020552371,-0.034187968,0.009832642,0.007530035,-0.00415918,0,0,1,0,0,,,,,,,,,,,,,,,
72,12/31/2006,-0.054036994,0,0.004833692,-0.036930955,-0.002702865,-0.001788875,0.041595925,-0.052631579,-0.006136586,0.038414062,0.002735648,0.010159768,0.002560332,-0.000783946,0.008433248,-0.000656431,0.116000004,-0.000667847,-0.108910979,0.100357085,-0.014156774,-0.000679349,-0.050734249,-0.050527943,0.093276283,0.00766028,0.011209521,0.037392696,-0.053713585,-2.520891363,-0.008990071,0.06431163,-0.092664096,-0.027588445,-0.000662251,0,-0.006756757,-0.014522441,-0.05445888,0.007640194,0.00611517,-0.006410925,0,0,0,1,0,,,,,,,,,,,,,,,
73,3/31/2007,0.010793756,0,0.004824048,-0.098702392,0.001615596,0.012406711,0.048899756,0.045267284,-0.013986123,0.043602301,0.002363627,0.003662129,0.002212732,0.015534286,-0.000521906,0.016347727,0.265232978,0.015229261,0,-0.002883958,-0.006259762,0.016315432,0.011955063,0.011496783,0.029726117,0.008209184,0.011678147,0.044341398,0.0104493,-2.196153249,-0.005148189,0.016699863,0.017021362,0.075100134,0.017229954,0,-0.003401361,-0.009931499,0.010799136,0.008237814,0.012649335,-0.003330301,1,0,0,0,0,,,,,,,,,,,,,,,
74,6/30/2007,0.035156807,0,0.004868602,0.069809044,-0.00824135,0.010908975,-0.059052059,-0.015747641,-0.017125779,-0.001275743,0.002303864,-0.000687449,0.00224211,-0.048516687,-0.004727647,-0.047320978,-0.175637396,-0.048355743,0.111111,-0.057483731,-0.002747809,-0.049498326,0.040305696,0.040124242,0.041937128,0.005657231,0.014899044,-0.058348406,0.035704394,0.881264516,0.00635137,0.004414635,0.02928866,-0.037255511,-0.047557005,0,0.020477816,-0.026197713,0.035612607,0.005654378,0.01122689,-0.009536657,0,1,0,0,0,,,,,,,,,,,,,,,
75,9/30/2007,-0.022059975,0.13592233,0.004811321,0.389307964,-0.027047554,0.008210581,-0.001651528,0.009999598,-0.037004264,0.01975365,0.002588128,-0.011165498,0.002585603,-0.08817798,-0.003028378,-0.089848672,-0.48109966,-0.089198812,-0.030000003,-0.013425432,-0.013745394,-0.091484871,-0.009352104,-0.008021197,-0.032834959,0.005201182,0.017355524,0,-0.022220163,-0.856086933,0.02933513,0.019012816,-0.113821098,-0.028700419,-0.092339261,0.13592233,0.070234114,-0.038555809,-0.024071594,0.005228979,0.011341643,-0.026483442,0,0,1,0,0,,,,,,,,,,,,,,,
76,12/31/2007,-0.098831646,0,0.004741339,0.247493316,-0.014631944,-0.001373867,-0.014061208,0.00792119,-0.040464456,0.052744598,0.00257053,-0.00315736,0.002535897,-0.211041852,-0.007762731,-0.212587296,-0.152317869,-0.210690823,0.020618662,-0.096034179,-0.010574296,-0.212238574,-0.068105062,-0.06802153,-0.014734972,0.003137955,0.017772619,-0.016459336,-0.099569202,1.577530116,-0.009628181,0.030895883,0.137614673,0.015272244,-0.214770158,0,0.0625,-0.062831512,-0.099365751,0.003076349,0.010617783,-0.033954043,0,0,0,1,0,,,,,,,,,,,,,,,
77,3/31/2008,-0.139203959,0,0.00471229,0.410737522,-0.016243416,0.011512242,-0.018875839,0,-0.055838978,0.065060343,0.002173574,-0.007220507,0.002195961,-0.386230249,-0.007794682,-0.397291083,-0.304687498,-0.395631933,0.141414242,-0.059354839,-0.018821263,-0.397246805,-0.041968304,-0.043390244,-0.118676081,-0.035204111,0.014131418,-0.005765435,-0.140947163,0.59835541,-0.004289283,0.014018986,0,-0.050359712,-0.398272552,0,0.026470588,-0.074520332,-0.140062676,-0.035185574,0.011698646,-0.0143526,1,0,0,0,0,,,,,,,,,,,,,,,
78,6/30/2008,0.054393307,0,0.004670258,-0.038658414,-0.018769827,0.014039978,0.005985464,-0.005893908,-0.082027072,0.032358457,0.002054605,-0.025171687,0.002194444,-0.225818315,-0.0126527,-0.215864055,-0.921348327,-0.211675446,0.336282979,-0.182441701,-0.017154405,-0.203915168,0.037009217,0.036701539,0.037974209,-0.013679997,0.009787686,0.004243281,0.05901814,0.931206515,0.000519855,0.004748815,0.080645077,0.047520661,-0.208931421,0,0.020057307,-0.079364829,0.060964701,-0.013668574,0.015711527,-0.017901491,0,1,0,0,0,,,,,,,,,,,,,,,
79,9/30/2008,-0.002381012,0.11965812,0.00448985,0.041371187,-0.024740173,0.012799398,-0.037399065,0.053359673,-0.075374664,0.083094999,0.002361566,-0.031451948,0.002441481,-0.056532066,0.001969175,-0.078685731,-28.57143237,-0.077997111,-0.059602653,0.08780755,-0.00975936,-0.081967217,-0.028404951,-0.027293896,-0.016286911,-0.03683654,0.00101574,-0.03732422,-0.00499129,-0.470217424,0.00443357,-0.001395833,0.227612023,-0.06278764,-0.080645159,0.11965812,0.042134831,-0.070173521,-0.006003602,-0.036827612,0.019942894,-0.049064787,0,0,1,0,0,,,,,,,,,,,,,,,
80,12/31/2008,-0.146380322,0,0.004232797,0.43198423,-0.029070328,-0.010684503,-0.017660044,0.101313302,-0.034458784,0.098058807,0.002395012,-0.009192177,0.002343046,-0.78449144,-0.003949848,-0.794927563,1.544041469,-0.794734274,-0.401408479,-0.110539749,-0.023250344,-0.801339283,-0.172413855,-0.176984994,-0.306995949,-0.080152835,-0.003625346,-0.027944115,-0.162475519,-3.431981788,-0.030437219,0.049516408,0.167173217,-0.0298141,-0.800438599,0,0.150943396,-0.06331366,-0.15789475,-0.080152063,0.010979979,-0.051891411,0,0,0,1,0,,,,,,,,,,,,,,,
81,3/31/2009,-0.182199326,0,0.003828203,-0.008299876,-0.035063309,0.0023989,-0.063370787,0.037478529,-0.009428443,0.061256987,0.002021052,0.007369942,0.002028685,-0.378504688,-0.000339092,-0.319074231,0.505091645,-0.310304436,-0.282352974,0.010404624,-0.025798554,-0.280898896,-0.061594293,-0.055998268,-0.126409549,-0.003478223,-0.006148379,-0.061709955,-0.154094829,-0.824066501,-0.027776506,-0.001450126,0.177083359,-0.070860448,-0.285714267,0,0.093676815,-0.043125234,-0.158811287,-0.003505258,0.000306,0.003208336,1,0,0,0,1,,,,,,,,,,,,,,,
82,6/30/2009,0.220512963,0,0.003271602,-0.137490701,-0.034664971,0.001052677,0.059980806,0.116584729,-0.045660026,0.059742169,0.001935383,-0.026423756,0.002054946,-0.165413519,0.008993904,-0.193246306,-0.414073072,-0.195869582,0.426229742,0.170480482,-0.011977376,-0.187500003,0.207529074,0.207034354,0.139159208,-0.009736381,-0.011935147,0.052614533,0.213638473,-3.13069103,-0.018081329,0.010642321,0.108407055,0.06381323,-0.200000028,0,0.038543897,-0.018671899,0.210718367,-0.009723269,-0.003874971,0.013725099,0,1,0,0,1,,,,,,,,,,,,,,,
83,9/30/2009,0.070027933,0.106870229,0.002987562,-0.201607661,-0.002806216,0.001414053,-0.029877773,0.132352922,-0.022089453,0.031726768,0.002272695,-0.026433665,0.00230296,-0.045045059,0.002803648,-0.065801661,-0.974595841,-0.061495222,-0.091954138,0.002932551,0.017254937,-0.09615381,0.036770504,0.035979217,0.144674819,0.040619282,-0.00933137,-0.027887843,0.059328582,-0.35954873,-0.007045885,-0.013349219,-0.023952096,0.002560351,-0.09615381,0.106870229,-0.030927835,0.034435694,0.061368417,0.040615261,-0.002123551,-0.017381296,0,0,1,0,0,,,,,,,,,,,,,,,
84,12/31/2009,-0.024869022,0,0.002751532,-0.008571429,-0.001781769,-0.007881148,0.021931871,0.118181673,0.003334713,0.03206744,0.002350743,-0.007476466,0.002315875,-0.613207559,0.002313418,-0.621975813,-10.63636267,-0.621606287,0.025316585,0.025828509,0.01204508,-0.638297859,0.001542097,0.003003817,0.067937968,-0.020194106,-0.00972028,0.02915818,-0.015287912,-0.703730096,-0.024036039,-0.008532703,0.042944785,-0.004377964,-0.638297859,0,-0.023404255,0.031812161,-0.016113837,-0.020191286,0.001760607,-0.026088728,0,0,0,1,0,,,,,,,,,,,,,,,
85,3/31/2010,0.081655403,0,0.00250453,-0.092455216,0.001876614,-0.000237521,0.017808219,0.065040767,-0.006962639,0.052318797,0.001980135,-0.011954864,0.002000422,0.646341483,0.003186992,0.815956386,1.028301915,0.815956386,0.012345556,0.052731589,0.007085599,0.882352889,0.066974596,0.066645846,0.07031988,0.006787609,-0.007461588,0.012795128,0.073277903,0.995217771,-0.001577006,-0.01237941,0.084313706,0.00879443,0.882352889,0,0.02832244,0.031915811,0.074181214,0.006803392,0.004275254,0.019589697,1,0,0,0,1,,,,,,,,,,,,,,,
86,6/30/2010,-0.050879066,0,0.002440174,-0.013036852,-0.00055401,0.001185571,-0.015253477,0.110141537,-0.00288276,0.049537121,0.001131627,-0.008920304,0.001833269,0.422222297,-0.000365804,0.350023266,0.716279062,0.350023266,0.085366108,0.000902437,0.006177964,0.374999988,-0.054112554,-0.054680084,0.057728114,0.022344859,-0.00431553,-0.009926306,-0.060617789,0.183493618,-0.013771293,-0.008067476,-0.059674504,-0.023610607,0.374999988,0,-0.099576271,0.014346636,-0.060986631,0.022361473,0.002640341,-0.003574068,0,1,0,0,0,,,,,,,,,,,,,,,
87,9/30/2010,-0.203094334,0,0.002434234,0.154635029,-0.000971521,0.003233331,0.02095672,-0.00785835,0.004998162,0.062457002,0.001947806,0.00946775,0.002002469,0.046874952,-0.004800774,0.044257113,-0.300813008,0.044257113,-0.146067624,-0.076194728,-0.010797051,0.068181817,-0.118230435,-0.117913917,-0.063751776,0.008163609,-0.002440183,0.012760142,-0.202711238,-0.803712973,-0.013625626,-0.01188365,-0.028846154,-0.010416667,0.068181817,0,-0.058823529,-0.008501525,-0.20152808,0.008142283,0.001989955,-0.029534476,0,0,1,0,0,,,,,,,,,,,,,,,
88,12/31/2010,0.015156713,0,0.00248614,0.104526924,-0.019234329,-0.003968468,0.000892459,0.015841484,-0.011263073,0.025761991,0.002083062,-0.007281029,0.002031683,-0.085287828,0.002625575,-0.098987657,0.360465116,-0.098987657,0.144736993,0.043435871,-0.007340986,-0.127659572,0.079584868,0.080652339,0.152811102,0.024721999,0.019607649,-0.002549573,0.033706215,2.162624544,0.021593462,-0.008897486,-0.019801961,0.045112782,-0.127659572,0,-0.0925,-0.012784141,0.027511719,0.024736389,0.005547628,-0.02585838,0,0,0,1,0,,,,,,,,,,,,,,,
89,3/31/2011,0.209855049,0,0.002832426,-0.156249989,-0.01388449,0.005605859,0.011591618,0.108187135,-0.035037108,0.010325548,0.001718165,-0.02747304,0.001672257,-0.086700304,0.00247351,-0.091329512,0.276353274,-0.091329512,0.310344828,0.025257249,-0.001973061,-0.07317073,0.096153846,0.094093562,0.100012616,0.008796031,0.037386819,0.023608869,0.201165444,3.288750043,0.023325279,-0.013940943,0.024242424,-0.035611511,-0.07317073,0,-0.055096419,-0.012159677,0.20838198,0.008777832,0.012088003,0.017345181,1,0,0,0,1,,,,,,,,,,,,,,,
90,6/30/2011,-0.066236179,0,0.002913887,0.095942307,0.001818501,0.00649527,0.005288673,0.039577836,-0.01622547,0.04668184,0.001644193,-0.017447992,0.001688101,-0.606947907,-0.003491278,-0.643160015,-0.133928572,-0.643160015,0.096491316,-0.016423357,-0.01322989,-0.631578931,-0.048245614,-0.04846032,0.023232932,-0.004617957,0.008410569,0.009108418,-0.07404078,0.378304905,0.006020499,-0.017128958,0.021696272,-0.001864976,-0.631578931,0,-0.04664723,-0.0176569,-0.072254335,-0.004626478,0.013429772,0.005889424,0,1,0,0,1,,,,,,,,,,,,,,,
91,9/30/2011,-0.238589044,0,0.00302648,0.111151895,0.000878754,0.008137812,-0.020166594,0.028764721,0.003558349,0.047222104,0.001963632,0.007512928,0.002009862,-0.521645099,-0.011386331,-0.447368479,0.054123711,-0.447368479,-0.184000065,-0.169758805,0.006115421,-0.500000107,-0.147465438,-0.149211411,-0.107305369,0.00725088,0.010525388,-0.029698642,-0.245893318,-0.765665446,0.012719755,-0.00458633,-0.02123554,-0.017189836,-0.500000107,0,-0.042813456,-0.013964819,-0.244028972,0.007233632,0.01143152,-0.033104958,0,0,1,0,0,,,,,,,,,,,,,,,
92,12/31/2011,-0.166394795,0,0.00313169,-0.07704656,-0.016508801,-0.001475783,-0.010738255,-0.018914311,-0.003390445,0.019299281,0.002020627,0.004390212,0.001962295,-0.366515535,0.005055428,-0.409836,0.19315404,-0.409836,-0.068627353,0.086033459,-0.007294216,-0.42857149,-0.177477568,-0.176094309,-0.024238679,0.019852304,0.010580081,-0.013203599,-0.152222313,-1.372213164,0.009800267,0.001588152,-0.063116391,-0.012547529,-0.42857149,0,-0.019169329,-0.007258864,-0.156593385,0.019864343,0.006582817,-0.015065381,0,0,0,1,0,,,,,,,,,,,,,,,
93,3/31/2012,-0.005259092,0,0.003197903,-0.011666669,-0.017469606,0.004708314,0.078245138,-0.000838391,-0.011478432,0.027601909,0.001682271,-0.010541878,0.001653023,3.59999857,0.01200873,3.788171424,0.141393442,3.788171424,0.105263042,0.165123457,-0.006746308,4.0000015,0.03176353,0.033674298,0.123200831,0.02308863,0.012844972,0.066443829,-0.003283789,-6.232545006,0.011111231,0.009189623,-0.130526276,0.070465922,4.0000015,0,-0.045602606,-0.001799852,-0.004885993,0.0231032,0.00518204,0.046268663,1,0,0,0,1,,,,,,,,,,,,,,,
94,6/30/2012,-0.105740374,0,0.003358141,0.063295019,0.003032219,0.004967072,0.001258389,-0.000838842,0.001970314,0.032224835,0.00163127,-0.004125252,0.001662734,0.26086959,0.000982872,0.249643288,-0.152603235,0.249643288,-0.114285714,0.010596026,0.006205642,0.299999985,-0.064755732,-0.06544883,-0.028059616,-0.003985615,0.015291605,0.009695038,-0.105009314,0.04008488,0.024028777,0.00125648,0.026634333,0.016906475,0.299999985,0,-0.030716724,0.011533673,-0.104746628,-0.003983218,0.004232594,0.02516992,0,1,0,0,1,,,,,,,,,,,,,,,
95,9/30/2012,-0.099239763,0,0.003453851,-0.083456032,0.007385802,0.006317645,0.042312526,-0.003358438,0.021499738,0.031105839,0.001918471,0.012948889,0.00197108,0.137931007,-8.29E-05,0.150723398,-0.095338983,0.150723398,0.064516129,-0.017474836,0.024213325,0.192307608,-0.064699198,-0.065932839,0.037196581,0.007159763,0.01343069,0.05224498,-0.10105867,-0.734961042,0.026867387,-0.002210194,0.011792477,0.041740361,0.192307608,0,-0.021126761,0.021432161,-0.098720311,0.007145587,0.003517583,-0.003553555,0,0,1,0,0,,,,,,,,,,,,,,,
96,12/31/2012,0.038912242,0,0.003542275,0.010872402,-0.001213525,0.00095064,0.011655949,-0.021061666,0.020585216,0.017841164,0.002017801,0.008082174,0.001960847,-0.1060606,0.00326506,-0.117289957,0.086651059,-0.117289957,-0.050505152,0.059137347,0.00179671,-0.161290263,0.04126201,0.043421425,0.010049585,0.019171864,0.01589813,0.007112319,0.04007811,-0.835677864,0.013023548,0.004584342,-0.048951049,0.010865874,-0.161290263,0,-0.053956835,0.046047145,0.038539967,0.019182481,0.004513163,0.013023787,0,0,0,1,1,,,,,,,,,,,,,,,
97,3/31/2013,0.14124597,0,0.003648472,0.050819672,0.003385777,0.006345284,0.026618991,-0.06196214,0.022559227,0.027126915,0.001560988,0.005206503,0.00150122,-0.033898271,-0.002556046,-0.037233419,0.135775862,-0.037233419,0.042553409,-0.034424811,0.01881839,0,0.096736713,0.09484495,0.11232076,0.021662809,0.016254346,0.031445432,0.142908024,15.37963878,0.014609751,0.002821022,-0.051470588,0.032583137,0,0,-0.02661597,0.023141063,0.142577902,0.021657547,0.003654963,0.054534231,1,0,0,0,1,,,,,,,,,,,,,,,
98,6/30/2013,0.022143175,0,0.003672557,0.024197192,0.016391686,0.007597936,0.0375387,0.006422202,0.047074448,-0.022707424,0.001523709,0.015665713,0.001584797,-0.403508814,0.006433559,-0.402750942,-0.106261861,-0.402750942,-0.061224484,0.065217388,0.026333781,-0.423076945,0.003188097,0.00190068,0.051473533,-0.002786921,0.012756088,0.037075447,0.018067658,-0.08359609,0.024557836,-0.001949752,0.028423798,0.042290176,-0.423076945,0,-0.03125,0.06988133,0.023931795,-0.002804083,0.002797033,0.034933384,0,1,0,0,1,,,,,,,,,,,,,,,
99,9/30/2013,0.362088891,0,0.003733542,-0.087028934,0.018348312,0.007043249,-0.01230884,0.023700818,0.056138867,0.010330652,0.001915814,0.015611801,0.001978177,-0.382352958,-0.001221777,-0.375757576,0.01910828,-0.375757576,0.021738911,-0.00122449,0.020562641,-0.3333334,0.182203265,0.182686567,0.084450654,0.002945707,0.01440904,-0.019307549,0.362649213,-0.301307047,0.030144879,-0.004541405,0.007537688,0.012484395,-0.3333334,0,-0.032258065,0.057324688,0.357261877,0.002952507,0.003002228,0.001786725,0,0,1,0,1,,,,,,,,,,,,,,,
100,12/31/2013,0.010508178,0,0.003775264,0.027145221,0.018817512,-6.26E-05,0.033232628,-0.036509175,0.033471966,0.024731107,0.002063368,0.008471444,0.002015613,0.85714299,-0.004141364,0.869088621,-0.1,0.869088621,-0.053191282,-0.05680433,0.025304818,0.90000009,0.018817204,0.01931792,0.067099255,0.004659589,0.01549452,0.037596982,0.013903986,-1.73831456,0.014020975,-0.000764413,-0.099750671,0.030826141,0.90000009,0,-0.0125,0.027548649,0.013530258,0.004682096,0.002411363,0.004725304,0,0,0,1,1,,,,,,,,,,,,,,,
101,3/31/2014,0.015177263,0,0.003773376,-0.093491733,0.008015721,0.010829614,0.005847953,-0.011090572,0.021692347,0.026879122,0.001729584,0.008919571,0.001689054,-0.153846167,0.004672938,-0.1798005,0.081018521,-0.1798005,0.067415723,0.05199307,0.009395215,-0.263157803,-0.028144327,-0.026732053,0.045146603,0.006776974,0.016406472,0.004406904,0.007731232,-3.727734763,0.015359302,0.005364166,0.011080388,-0.008971292,-0.263157803,0,-0.021097046,0.025379848,0.006067718,0.00678108,0.005639599,0.027925183,1,0,0,0,1,,,,,,,,,,,,,,,
102,6/30/2014,-0.055924825,0,0.003838913,-0.046535779,0.000554807,0.00749947,0.046511628,-0.037383361,0.02618165,0.011835314,0.001679423,0.019043871,0.001721106,-0.333333399,0.000997657,-0.330907587,0.194860811,-0.330907587,0.010526209,0.023476113,0.022319872,-0.285714408,-0.065158377,-0.065775683,-0.016588632,0.030810399,0.018955395,0.032419378,-0.052237462,0.551278061,0.029094107,0.010389648,-0.073972601,0.027761014,-0.285714408,0,-0.021551724,0.009676943,-0.050663456,0.030794362,0.010552199,0.016110865,0,1,0,0,1,,,,,,,,,,,,,,,
103,9/30/2014,-0.046334515,0,0.00389754,0.013347393,0.005758131,0.007724174,-0.024305556,-0.062135831,0.021264804,0.008390516,0.001992777,0.014469071,0.002052739,-0.227272526,0.001007217,-0.200195239,-0.030465952,-0.200195239,-0.010416563,0.001609738,-0.005544805,-0.19999982,-0.052274932,-0.051481755,0.008105031,0.013512064,0.017485429,-0.015936723,-0.04632706,-0.902888504,0.027422215,0.008294554,-0.011834378,-0.000587199,-0.19999982,0,-0.030837004,0.000982662,-0.048284377,0.013498669,0.007341588,-0.003556407,0,0,1,0,0,,,,,,,,,,,,,,,
104,12/31/2014,-0.08579322,0,0.003973687,-0.013307709,0.001609551,-0.000446342,0.063701068,0.01242236,0.011054165,0.014581823,0.002119166,0.008288183,0.002056678,-0.117647306,0.008169328,-0.144874793,0.060998152,-0.144874793,-0.105263357,0.081960623,0.013203742,-0.125000234,-0.089887547,-0.091624629,-0.00138088,0.011498882,0.014332229,0.07581549,-0.089441979,-8.005414218,0.015317825,0.004171004,-0.035928145,0.08519389,-0.125000234,0,-0.05,0.01307717,-0.086782498,0.011514632,0.006760055,0.002035467,0,0,0,1,1,,,,,,,,,,,,,,,
105,3/31/2015,-0.132189846,0,0.004091306,0.004068593,0.010028143,0.006438804,-0.032452325,-0.040899693,0.008508101,0.002419735,0.001683493,0.009962821,0.001631712,0.066666609,0.006033123,0.088992567,-0.158536584,0.088992567,-0.023529179,0.063869251,0.015485314,0.142857449,-0.140291919,-0.139796347,0.054403,0.008344153,0.017250058,-0.035236288,-0.134938628,-0.323834182,0.014940428,0.014075545,-0.055900623,-0.057931781,0.142857449,0,-0.038277512,0.020772968,-0.137426754,0.008340984,0.002500054,0.028516774,1,0,0,0,1,,,,,,,,,,,,,,,
106,6/30/2015,0.083721024,0,0.004237621,0.080260298,0.008524695,0.006475161,-0.000345781,-0.044776115,0.024441685,-0.00153906,0.001635712,0.017658393,0.001688349,-0.249999797,-0.001635719,-0.256562381,0.105590062,-0.256562381,-0.024096503,-0.01326356,-0.000232506,-0.250000094,0.130548581,0.129554865,0.035862191,0.020949187,0.018435793,0.002195908,0.099308125,-3.219436413,0.026827911,0.014290018,-0.032894705,-0.023850575,-0.250000094,0,-0.014925373,0.009320876,0.101694898,0.020940146,0.000798592,0.017901345,0,1,0,0,1,,,,,,,,,,,,,,,
107,9/30/2015,0.039699754,0,0.004279849,0.076083061,0.003341736,0.007738729,0.023175372,-0.079241174,0.027687453,-0.009281044,0.001967441,0.015486788,0.002018866,1.291666351,-0.003089861,1.333333333,-0.009363298,1.299145299,0.037037037,-0.037141848,0.017432186,1,0.025404039,0.027053491,-0.049822737,0.006834169,0.017718798,0.020412873,0.027144095,-0.782118182,0.031799873,0.012317431,-0.088435408,0.022667059,1,0,0.01010101,0.016228372,0.024615227,0.006853801,0.005411701,0.001696349,0,0,1,0,1,,,,,,,,,,,,,,,
108,12/31/2015,-0.024767972,0,0.004285552,-0.033886826,0.00727007,0.00027826,0.022650439,0.008484727,0.014060511,0.006600174,0.002064354,0.009183759,0.002013865,1.709090948,-0.000370755,1.941746403,-0.102079395,1.954790781,-0.047618929,0.006245445,0.012782434,2.08333325,0.001126014,0.000217905,-0.028119005,0.001601858,0.003600336,0.025881784,-0.014682485,-2.712533097,-0.02820698,0.017364495,0.018656754,0.055555556,2.16666675,0,0.01,0.017642939,-0.013513514,0.001594251,0.002872214,0.003061524,0,0,0,1,1,,,,,,,,,,,,,,,
109,3/31/2016,-0.106878353,0,0.004243425,0.115127261,0.005759011,0.006530185,-0.00892562,0.043269236,0.012591622,0.022485438,0.001688556,0.009293219,0.001629079,1.489933026,0.00077144,1.314973231,-0.063157895,1.319225032,-0.037499995,0.002920811,0.007264872,1.324324414,-0.082114632,-0.081779477,-0.102470159,0.003338058,-0.009559813,-0.011347581,-0.126100898,-1.143681175,0.008458632,0.018812255,-0.065934066,-0.026452141,1.289473624,0,-0.014851485,0.018212183,-0.123287671,0.003335018,-0.000559171,0.026289901,1,0,0,0,1,,,,,,,,,,,,,,,
110,6/30/2016,-0.088862613,0,0.004047454,-0.085099658,0.006996708,0.008239869,0.020680454,-0.046082839,0.017667973,-0.000843358,0.001598945,0.019726776,0.001651213,-0.102425877,0.00056282,-0.107117654,-0.017977524,-0.106004563,0.012986881,0.009100801,0.014344703,-0.104651162,-0.056372426,-0.056128967,0.088179781,0.009467159,0.017223737,0.03042122,-0.085728077,17.13827537,0.024784712,0.01732451,0.007843176,0.002521008,-0.103448276,0,0.030150754,0.010201392,-0.086805729,0.009468221,-0.000836201,0.018454031,0,1,0,0,1,,,,,,,,,,,,,,,
111,9/30/2016,-0.122948358,0,0.004013406,-0.034121824,0.003271862,0.010501304,-0.007189542,-0.006038768,0.020192067,-0.019620646,0.001920003,0.017925084,0.00196489,0.151651634,-0.001940241,0.15,-0.036613277,0.148058252,-0.025641154,-0.022366558,0.007751771,0.155844154,-0.111688427,-0.111435706,0.079277868,0.016017769,0.016582306,-0.014707366,-0.106151109,-0.71622657,0.026367739,0.017489887,-0.070038908,0.002514669,0.141025654,0,0.009756098,0.010493412,-0.10836504,0.016014767,-0.000794107,0.003883801,0,0,1,0,1,,,,,,,,,,,,,,,
112,12/31/2016,0.374942256,0,0.003997363,-0.055636076,0.00986389,0.003794524,0.023370639,-0.047387612,0.015191163,-0.024301889,0.001997843,0.00923903,0.001948998,0.452412,0.00354907,0.452584398,0.0807601,0.445118342,-0.078947379,0.030258378,0.023100979,0.449438186,0.238303947,0.24122807,0.050408821,0.008158831,0.016933397,0.036988146,0.367120416,-0.330969995,0.010771358,0.013877865,-0.016736485,0.017001115,0.449438186,0,0.048309179,0.017124283,0.362473638,0.008151191,-6.46E-05,0.006564331,0,0,0,1,1,,,,,,,,,,,,,,,
113,3/31/2017,0.142703271,0,0.00392281,-0.095092894,0.017580897,0.008498507,0.00707623,-0.033163014,0.019548144,0.011487938,0.001639464,0.009702154,0.001588452,0.389587079,0.00455336,0.398935706,0.01978022,0.400298343,0.114285873,0.0447707,0.025157493,0.372093023,0.077922087,0.076370671,0.070041046,0.005002385,0.013224127,-0.010478409,0.143977923,2.552689216,0.004421177,0.008085119,0,0.027130721,0.395348837,0,0,0.021365363,0.147104695,0.005016828,0.003534327,0.02724438,1,0,0,0,1,,,,,,,,,,,,,,,
114,6/30/2017,-0.075495679,0,0.003995094,0.012822394,0.008461047,0.00792073,0.016288726,-0.023746699,0.023177684,0.012608431,0.001584477,0.026062923,0.001637608,0.501291972,-0.001432612,0.498188001,-0.038793103,0.495161902,-0.012820385,-0.008913199,0.00567529,0.508474576,-0.047097376,-0.048962142,0.012051742,0.012944953,0.011496639,0.016044498,-0.075884907,-0.312644106,0.012274286,0.009781999,-0.131914857,0.005602988,0.50555555,0,0.023041475,0.016448064,-0.07366986,0.012964016,0.005077272,0.020024705,0,1,0,0,1,,,,,,,,,,,,,,,
115,9/30/2017,-0.008846547,0,0.004095547,-0.080446718,0.007155206,0.007917565,0.007228158,0.025675537,0.01955159,0.024382711,0.001904509,0.016866803,0.001948774,0.158347687,-0.000300307,0.160636246,-0.163677134,0.15811891,0.025973763,-0.013144275,0.015013417,0.164794011,-0.027586207,-0.027450618,0.017778021,0.012780241,0.010663201,0.019686495,-0.008634858,-0.270280098,0.010016875,0.009970012,0.053921618,-0.009816928,0.169741705,0,0.018018018,0.020322795,-0.008836526,0.012750305,0.002920407,0.006523825,0,0,1,0,1,,,,,,,,,,,,,,,
116,12/31/2017,0.058015797,0,0.004241069,-0.157790312,0.021676146,0.003535194,0.054290172,-0.017127668,0.018038093,-0.014630508,0.001983669,0.010397841,0.001935176,0.166419016,0.002164027,0.163804413,0.193029491,0.165138445,-0.037974688,0.034349842,0.014516001,0.163987138,-0.001181915,-0.000243482,0.067005981,0.024452792,0.013697471,0.038818807,0.058008976,-0.06551947,0.006670897,0.011562445,-0.009302372,0.071007503,0.16088328,0,-0.004424779,0.015864068,0.056463753,0.024470876,0.002660258,0.008986671,0,0,0,1,1,,,,,,,,,,,,,,,
117,3/31/2018,0.162232592,0,0.004569319,-0.171676806,0.016128811,0.008960373,-0.018052678,-0.046917018,0.020706183,0.001111165,0.00162908,0.014162154,0.001577208,0.290445859,0.001042998,0.289837364,0,0.291714773,0.078947379,0.005760691,0.018940639,0.292817676,0.076922831,0.075756876,0.028738598,-0.007776764,0.010317507,-0.013913834,0.163221942,1.390845967,0.003347743,0.009714569,-0.084507042,-0.062797098,0.290760863,0,0.008888889,0.020403347,0.164556962,-0.007769967,0.003662292,0.026402613,1,0,0,0,1,,,,,,,,,,,,,,,
118,6/30/2018,0.059184833,0,0.004801231,0.02817546,-0.00151346,0.008641802,-0.048824593,-0.077355696,0.027611683,-0.000788212,0.001573275,0.025247034,0.001626035,0.180651529,-5.64E-05,0.184912831,0.008988769,0.180632232,0.03658537,-0.00606469,0.018210626,0.179487179,0.016483518,0.018200005,0.034473048,0.016892603,0.006870052,-0.050997586,0.058763288,0.165843744,0.01032684,0.006690791,-0.020512769,0.010144154,0.185263162,0,-0.004405286,0.013639673,0.057971014,0.016893203,0.004297503,0.014229013,0,1,0,0,1,,,,,,,,,,,,,,,
