,test2_z.date,scaled.BL_yFYield_CSUSHPINSA,scaled.yFYield_CSUSHPINSA,scaled.xYield_CASTHPI,scaled.xYield_TB3MS,scaled.xYield_MSPNHSUS,scaled.xYield_MVLOAS,scaled.Q1,scaled.Q2,scaled.BL_yFYield_CSUSHPINSA,scaled.yFYield_CSUSHPINSA,scaled.xYield_CASTHPI,scaled.xYield_TB3MS,scaled.xYield_MSPNHSUS,scaled.xYield_MVLOAS,scaled.Q1,scaled.Q2,unscaled.BL_yFYield_CSUSHPINSA,unscaled.yFYield_CSUSHPINSA,unscaled.xYield_CASTHPI,unscaled.xYield_TB3MS,unscaled.xYield_MSPNHSUS,unscaled.xYield_MVLOAS,unscaled.Q1,unscaled.Q2,scaled.yFYield_CSUSHPINSA,distance
1,3/31/1989,0.568402426,0.469202786,1.305635642,0.00322463,-1.129004122,-0.638633146,1.705425043,-0.581394901,0.715119128,0.680537653,0.904161753,0.501286439,0.129448047,0.261530807,0.955942409,0.280487167,1,0.017413518,0.046511628,0.058240397,-0.024793388,-3.15E-04,1,0,0.680537653,0.005476104
2,6/30/1989,0.568402426,0.213112522,1.412926665,-0.143390663,0.141307106,0.31504742,-0.581394901,1.705425043,0.715119128,0.584380401,0.921161356,0.442990828,0.556186332,0.623637175,0.280487167,0.955942409,1,0.012745729,0.049427918,-0.015222482,0.012711864,0.017873978,0,1,0.584380401,0.130067545
3,9/30/1989,0.568402426,-0.304127528,1.712347383,-0.247485479,-0.251464965,-0.105618702,-0.581394901,-0.581394901,0.715119128,0.380515368,0.956583665,0.402266264,0.400727323,0.457942443,0.280487167,0.280487167,1,0.003317931,0.057566507,-0.067380103,0.001115481,0.009850877,0,0,0.380515368,-0.036917662
4,12/31/1989,0.568402426,-0.393408224,0.759275115,-0.161356443,1.060287271,-1.052418303,-0.581394901,-0.581394901,0.715119128,0.347008998,0.776156,0.435906335,0.855493036,0.146303837,0.280487167,0.280487167,1,0.001690601,0.031660939,-0.024224394,0.039844257,-0.008206838,0,0,0.347008998,-0.037527743
5,3/31/1990,0.568402426,-0.023211779,0.03726451,-0.085194366,-0.461674304,-1.231902387,1.705425043,-0.581394901,0.715119128,0.490740671,0.514862949,0.466053435,0.32215745,0.108992775,0.955942409,0.280487167,1,0.008438217,0.012035886,0.013937283,-0.005090836,-0.011630026,1,0,0.490740671,-0.058583969
6,6/30/1990,0.568402426,-0.389845796,-0.282834589,-0.116439194,0.504372749,-0.232757654,-0.581394901,1.705425043,0.715119128,0.348325289,0.388651819,0.453652237,0.693000268,0.407974799,0.280487167,0.955942409,1,0.001755534,0.003335235,-0.001718213,0.023431181,0.007426035,0,1,0.348325289,0.02995145
7,9/30/1990,-1.744407445,-1.195775135,-0.098188957,-0.182570134,-2.954306424,-0.509701286,-0.581394901,-0.581394901,0.040544034,0.115892161,0.460891126,0.42756766,0.001566863,0.305130376,0.280487167,0.280487167,0,-0.012934239,0.008354109,-0.034853701,-0.078684453,0.002144063,0,0,0.115892161,-0.207311607
8,12/31/1990,-1.744407445,-1.283338411,-0.651296426,-0.242917736,1.239324961,-1.77224583,-0.581394901,-0.581394901,0.040544034,0.099686771,0.257427578,0.404034563,0.892387411,0.038176879,0.280487167,0.280487167,0,-0.014530266,-0.006679969,-0.065091396,0.045130249,-0.021935657,0,0,0.099686771,-0.141166539
9,3/31/1991,0.568402426,-0.141558564,-0.440883058,-0.389011183,-0.807630207,-2.191061011,1.705425043,-0.581394901,0.715119128,0.443714349,0.32964883,0.348633937,0.209651746,0.014223689,0.955942409,0.280487167,1,0.006281096,-9.61E-04,-0.1382928,-0.015304997,-0.029923457,1,0,0.443714349,-0.143568704
10,6/30/1991,0.568402426,0.076385598,-0.637105975,-0.266531095,-0.693461287,-1.820034479,-0.581394901,1.705425043,0.715119128,0.530443836,0.262027908,0.394915107,0.244010056,0.034376877,0.280487167,0.955942409,1,0.010253591,-0.006294256,-0.076923076,-0.011934221,-0.0228471,0,1,0.530443836,-0.138040079
11,9/30/1991,-1.744407445,-0.847824208,-0.403920422,-0.17881792,0.167430458,-0.961332598,-0.581394901,-0.581394901,0.040544034,0.19826794,0.343135619,0.429040337,0.566484319,0.168192481,0.280487167,0.280487167,0,-0.006592095,4.40E-05,-0.032973621,0.013483142,-0.006469618,0,0,0.19826794,-0.155362152
12,12/31/1991,-1.744407445,-0.724945052,-0.133677629,-0.423573724,-0.073352119,-1.239660683,-0.581394901,-0.581394901,0.040544034,0.23424287,0.446828748,0.335938361,0.470762959,0.107550463,0.280487167,0.280487167,0,-0.004352361,0.007389488,-0.155610664,0.006374167,-0.011777995,0,0,0.23424287,-0.179657523
13,3/31/1992,0.568402426,-0.022928499,-0.603119842,-0.397283252,-0.839584177,-0.996385156,1.705425043,-0.581394901,0.715119128,0.490853654,0.273214484,0.345579298,0.200570787,0.159531521,0.955942409,0.280487167,1,0.008443381,-0.005370475,-0.142437593,-0.016248421,-0.007138153,1,0,0.490853654,-0.130779056
14,6/30/1992,0.568402426,-0.247620989,-0.786684398,-0.2223675,-0.260800133,-1.118798896,-0.581394901,1.705425043,0.715119128,0.402213835,0.21573332,0.412013905,0.397123321,0.131612971,0.280487167,0.955942409,1,0.004347883,-0.010359965,-0.05479452,8.40E-04,-0.009472874,0,1,0.402213835,-0.101181151
15,9/30/1992,-1.744407445,-0.586792834,-0.47734367,-0.436600176,0.042330975,0.241713873,-0.581394901,-0.581394901,0.040544034,0.278671425,0.316558709,0.331200667,0.516882574,0.59549906,0.280487167,0.280487167,0,-0.001834244,-0.001951739,-0.162137682,0.009789648,0.016475333,0,0,0.278671425,-0.113147443
16,12/31/1992,-1.744407445,-0.613968518,-0.748914368,-0.121640402,1.484014844,-0.649314687,-0.581394901,-0.581394901,0.040544034,0.269618066,0.22695441,0.451591907,0.931097509,0.258067497,0.280487167,0.280487167,0,-0.002329578,-0.009333333,-0.004324323,0.052354585,-5.19E-04,0,0,0.269618066,-0.095219057
17,3/31/1993,0.568402426,0.015979907,-0.984873719,-0.184519843,-0.957913918,-0.332338761,1.705425043,-0.581394901,0.715119128,0.506374789,0.162343052,0.426802831,0.169053084,0.369816737,0.955942409,0.280487167,1,0.009152569,-0.015746972,-0.035830619,-0.019742043,0.005526787,1,0,0.506374789,-0.105925787
18,6/30/1993,0.568402426,0.227117456,-0.719125318,-0.108515042,0.529314334,0.670476213,-0.581394901,1.705425043,0.715119128,0.589833795,0.236031855,0.456793575,0.701706293,0.748722867,0.280487167,0.955942409,1,0.013000999,-0.008523634,0.002252253,0.024167568,0.024652848,0,1,0.589833795,0.063280694
19,9/30/1993,0.568402426,-0.426429151,-0.718438493,-0.088343167,-0.422454073,1.30116057,-0.581394901,-0.581394901,0.715119128,0.334897582,0.23624348,0.464801965,0.336346808,0.903398251,0.280487167,0.280487167,1,0.001088725,-0.008504965,0.012359548,-0.00393288,0.036681496,0,0,0.334897582,-0.083039194
20,12/31/1993,0.568402426,-0.416196451,-0.627300309,-0.075353918,-0.280313164,0.828480134,-0.581394901,-0.581394901,0.715119128,0.338633128,0.2652312,0.469966562,0.389618626,0.796300679,0.280487167,0.280487167,1,0.001275237,-0.006027728,0.018867926,2.64E-04,0.027666358,0,0,0.338633128,-0.0863181
21,3/31/1994,0.568402426,0.184284187,-0.771090002,0.006562475,0.441628066,0.19104507,1.705425043,-0.581394901,0.715119128,0.573104741,0.220326793,0.50261803,0.670620814,0.575754859,0.955942409,0.280487167,1,0.012220272,-0.009936092,0.059912853,0.021578679,0.015508959,1,0,0.573104741,0.034291679
22,6/30/1994,0.568402426,0.230905165,-1.28958634,0.344397546,0.07720097,1.921769857,-0.581394901,1.705425043,0.715119128,0.591305761,0.098597161,0.634726333,0.530768165,0.972682639,0.280487167,0.955942409,1,0.013070038,-0.024029401,0.22918808,0.010819165,0.048517987,0,1,0.591305761,0.078867312
23,9/30/1994,-1.744407445,-0.526721746,-0.949026987,0.132289932,-0.720832939,1.816971848,-0.581394901,-0.581394901,0.040544034,0.299193416,0.171303443,0.552622515,0.235506153,0.965389288,0.280487167,0.280487167,0,-7.39E-04,-0.014772618,0.122909699,-0.012742355,0.046519241,0,0,0.299193416,-0.085700711
24,12/31/1994,-1.744407445,-0.58490589,-0.951767905,0.245129578,0.541343466,0.564244661,-0.581394901,-0.581394901,0.040544034,0.279305499,0.170607351,0.596821949,0.705864567,0.713706181,0.280487167,0.280487167,0,-0.00179985,-0.014847119,0.179448994,0.024522722,0.022626761,0,0,0.279305499,-0.04200427
25,3/31/1995,0.568402426,-0.018491265,-0.641596514,0.059604249,-0.630585687,-0.061592793,1.705425043,-0.581394901,0.715119128,0.492623473,0.260567598,0.523764583,0.26415573,0.475443558,0.955942409,0.280487167,1,0.008524259,-0.006416314,0.0864899,-0.010077853,0.010690555,1,0,0.492623473,-0.039939826
26,6/30/1995,0.568402426,0.11959371,-0.064820052,-0.161715726,0.460742887,0.829573874,-0.581394901,1.705425043,0.715119128,0.547597499,0.474158638,0.43576486,0.677508459,0.796610123,0.280487167,0.955942409,1,0.011041151,0.009261113,-0.024404416,0.022143033,0.027687218,0,1,0.547597499,0.103411943
27,9/30/1995,0.568402426,-0.469127003,0.012345664,-0.195028134,-0.769974188,1.414353756,-0.581394901,-0.581394901,0.715119128,0.319489429,0.504925082,0.422685461,0.220657602,0.92137097,0.280487167,0.280487167,1,3.10E-04,0.011358564,-0.04109589,-0.014193224,0.038840358,0,0,0.319489429,-0.061564425
28,12/31/1995,-1.744407445,-0.570157225,-0.456059899,-0.152677586,0.985467766,0.964277539,-0.581394901,-0.581394901,0.040544034,0.284285533,0.324173453,0.439326269,0.837802821,0.832546601,0.280487167,0.280487167,0,-0.001531025,-0.001373222,-0.019875777,0.037635252,0.030256337,0,0,0.284285533,-0.000862754
29,3/31/1996,0.568402426,0.25078229,-0.403731905,-0.238220177,-0.495361914,-0.18074522,1.705425043,-0.581394901,0.715119128,0.599008783,0.343204938,0.405855164,0.310172337,0.428283781,0.955942409,0.280487167,1,0.013432341,4.91E-05,-0.062737643,-0.006085445,0.008418036,1,0,0.599008783,-0.046009034
30,6/30/1996,0.568402426,0.179254579,-0.877092753,-0.076576025,0.390970023,1.260283305,-0.581394901,1.705425043,0.715119128,0.571131095,0.19021813,0.469480416,0.652090303,0.89621641,0.280487167,0.955942409,1,0.012128597,-0.012817365,0.018255578,0.020083027,0.035901869,0,1,0.571131095,0.074072473
31,9/30/1996,-1.744407445,-0.506939766,-0.473255319,-0.082530083,0.0116577,0.870059238,-0.581394901,-0.581394901,0.040544034,0.306098541,0.318015518,0.467112599,0.504650644,0.807865984,0.280487167,0.280487167,0,-3.79E-04,-0.001840613,0.015272245,0.008884036,0.02845937,0,0,0.306098541,-0.05689682
32,12/31/1996,0.568402426,-0.40849105,-0.214849162,-0.160000128,0.678013229,-0.179474961,-0.581394901,-0.581394901,0.715119128,0.3414566,0.414942461,0.436440487,0.751118347,0.428782388,0.280487167,0.280487167,1,0.001415685,0.005183155,-0.023544801,0.028557823,0.008442263,0,0,0.3414566,-0.067956997
33,3/31/1997,0.568402426,0.29295281,-0.217656538,-0.07959118,0.008532336,-1.371699948,1.705425043,-0.581394901,0.715119128,0.615220889,0.413848365,0.468281205,0.503403868,0.085078432,0.955942409,0.280487167,1,0.014200988,0.005106847,0.016744808,0.008791761,-0.014296297,1,0,0.615220889,-0.048826426
34,6/30/1997,0.568402426,0.315003412,-0.038942906,-0.118268985,-0.28924656,0.955512392,-0.581394901,1.705425043,0.715119128,0.623620468,0.484467954,0.452927266,0.386196352,0.830340679,0.280487167,0.955942409,1,0.014602907,0.009964483,-0.002635045,0,0.030089165,0,1,0.623620468,0.065060305
35,9/30/1997,0.568402426,-0.150056559,0.329403735,-0.11301003,-0.273701989,0.697637399,-0.581394901,-0.581394901,0.715119128,0.440359996,0.629074727,0.455011302,0.392156825,0.757298007,0.280487167,0.280487167,1,0.006126202,0.019976556,0,4.59E-04,0.025170877,0,0,0.440359996,-0.034247468
36,12/31/1997,0.568402426,0.047960214,0.237493454,-0.095873268,-0.584318154,0.548429591,-0.581394901,-0.581394901,0.715119128,0.519126025,0.593863002,0.461810613,0.27950314,0.708301519,0.280487167,0.280487167,1,0.009735478,0.017478332,0.008586525,-0.008711829,0.02232513,0,0,0.519126025,-0.065924566
37,3/31/1998,0.568402426,0.70679027,0.385742519,-0.127386923,1.614191407,-0.650341127,1.705425043,-0.581394901,0.715119128,0.760151589,0.650156315,0.449317083,0.946757042,0.257735948,0.955942409,0.280487167,1,0.021744054,0.021507907,-0.007203668,0.056197978,-5.38E-04,1,0,0.760151589,0.090065994
38,6/30/1998,0.568402426,0.71821525,0.387727186,-0.143288919,-0.845468846,0.720219343,-0.581394901,1.705425043,0.715119128,0.763687712,0.650891032,0.443031003,0.19892456,0.764305022,0.280487167,0.955942409,1,0.021952299,0.021561852,-0.015171503,-0.016422163,0.025601568,0,1,0.763687712,0.048930199
39,9/30/1998,0.568402426,0.037845797,0.556818397,-0.174500721,0.510021481,1.218128351,-0.581394901,-0.581394901,0.715119128,0.515094685,0.711174243,0.430735982,0.694981794,0.888412399,0.280487167,0.280487167,1,0.009551121,0.02615794,-0.03081045,0.023597957,0.035097874,0,0,0.515094685,0.047713125
40,12/31/1998,0.568402426,0.042601094,0.299447372,-0.348861674,-0.42183983,0.849813715,-0.581394901,-0.581394901,0.715119128,0.516990238,0.617700639,0.36359658,0.336570966,0.802285668,0.280487167,0.280487167,1,0.009637797,0.019162308,-0.118175536,-0.003914745,0.02807324,0,0,0.516990238,-0.053145302
41,3/31/1999,0.568402426,0.861316012,0.164028722,-0.041062067,0.627756213,0.606997426,1.705425043,-0.581394901,0.715119128,0.80546799,0.565145733,0.483623208,0.734918173,0.72807369,0.955942409,0.280487167,1,0.024560614,0.015481478,0.036050158,0.027074012,0.023442157,1,0,0.80546799,0.124698397
42,6/30/1999,0.568402426,0.918522037,0.228775918,-0.091874758,-0.058829688,1.270936547,-0.581394901,1.705425043,0.715119128,0.820827186,0.590478457,0.463398773,0.476543881,0.898124388,0.280487167,0.955942409,1,0.025603315,0.017241379,0.010590014,0.006802934,0.036105052,0,1,0.820827186,0.110829179
43,9/30/1999,0.568402426,0.271248979,0.434582602,-0.02487331,-0.103317962,1.108881895,-0.581394901,-0.581394901,0.715119128,0.606900228,0.668067287,0.490078008,0.45885531,0.866259432,0.280487167,0.280487167,1,0.01380539,0.022835435,0.044161677,0.005489441,0.033014285,0,0,0.606900228,0.007372395
44,12/31/1999,0.568402426,0.32508237,0.376785254,0.055808114,1.254203122,-0.068290355,-0.581394901,-0.581394901,0.715119128,0.627440634,0.6468334,0.522252665,0.895115907,0.472777251,0.280487167,0.280487167,1,0.014786618,0.021264438,0.084587813,0.045569518,0.010562817,0,0,0.627440634,0.016325593
45,3/31/2000,0.568402426,1.160458002,1.194165168,0.07561896,-0.758626922,0.423859469,1.705425043,-0.581394901,0.715119128,0.877068808,0.883793317,0.530138874,0.224037882,0.664165848,0.955942409,0.280487167,1,0.030013112,0.043481736,0.094514211,-0.013858202,0.019949282,1,0,0.877068808,0.089760916
46,6/30/2000,0.568402426,0.973684876,0.587840271,-0.04310974,-0.537582146,1.950024866,-0.581394901,1.705425043,0.715119128,0.834893486,0.721680245,0.482807028,0.295432779,0.974413422,0.280487167,0.955942409,1,0.026608775,0.027001149,0.035024154,-0.007331974,0.049056877,0,1,0.834893486,0.118460508
47,9/30/2000,0.568402426,0.447129794,0.826519585,-0.00705004,1.079724421,1.212453784,-0.581394901,-0.581394901,0.715119128,0.672609326,0.795745294,0.497187464,0.859867542,0.887330638,0.280487167,0.280487167,1,0.017011191,0.033488719,0.053092183,0.040418129,0.034989647,0,0,0.672609326,0.100184212
48,12/31/2000,0.568402426,0.264132477,0.734822257,-0.11301003,0.10483298,0.79585401,-0.581394901,-0.581394901,0.715119128,0.60416108,0.768776125,0.455011302,0.54174583,0.786941553,0.280487167,0.280487167,1,0.013675676,0.030996283,0,0.011634986,0.027044101,0,0,0.60416108,0.01890819
49,3/31/2001,0.568402426,0.758897815,1.008282265,-0.511059108,-0.70519665,0.204780948,1.705425043,-0.581394901,0.715119128,0.776043157,0.843340513,0.304654834,0.240343933,0.581128364,0.955942409,0.280487167,1,0.022693825,0.038429231,-0.199445983,-0.012280702,0.015770935,1,0,0.776043157,0.034316203
50,6/30/2001,0.568402426,0.810938555,0.715404487,-0.592271986,1.261544354,1.134208404,-0.581394901,1.705425043,0.715119128,0.791299521,0.76282043,0.276834236,0.896443605,0.87164643,0.280487167,0.955942409,1,0.023642378,0.030468487,-0.240138409,0.045786264,0.033497322,0,1,0.791299521,0.174029046
51,9/30/2001,0.568402426,-0.026158837,0.373008119,-0.380203797,-1.235228798,1.45944297,-0.581394901,-0.581394901,0.715119128,0.489565324,0.645428799,0.35189707,0.108372682,0.927778387,0.280487167,0.280487167,1,0.008384501,0.021161771,-0.133879781,-0.027929615,0.039700317,0,0,0.489565324,-0.067591455
52,12/31/2001,0.568402426,0.099443309,0.110592381,-0.908381519,0.006649378,2.668714533,-0.581394901,-0.581394901,0.715119128,0.539606851,0.544030205,0.181838343,0.502652698,0.996192893,0.280487167,0.280487167,1,0.010673867,0.014029019,-0.398527864,0.008736168,0.062763995,0,0,0.539606851,-0.035718588
53,3/31/2002,0.568402426,1.239455271,0.577579842,-0.30840048,2.448531173,0.006313236,1.705425043,-0.581394901,0.715119128,0.892411528,0.71822609,0.378888808,0.992827999,0.5025186,0.955942409,0.280487167,1,0.031453005,0.026722259,-0.097902099,0.080831409,0.011985684,1,0,0.892411528,0.138148512
54,6/30/2002,0.568402426,1.266327928,0.844005495,-0.120745592,-0.464152239,0.157022284,-0.581394901,1.705425043,0.715119128,0.897302149,0.800666833,0.451946273,0.321269339,0.562386357,0.280487167,0.955942409,1,0.031942816,0.033964006,-0.003875971,-0.005163996,0.014860064,0,1,0.897302149,0.062116396
55,9/30/2002,0.568402426,0.396414783,0.978104783,-0.194549429,-1.907888193,0.194598425,-0.581394901,-0.581394901,0.715119128,0.654100469,0.835988749,0.422872848,0.028202834,0.577146332,0.280487167,0.280487167,1,0.016086802,0.037608974,-0.040856031,-0.04778952,0.01557673,0,0,0.654100469,-0.095802484
56,12/31/2002,0.568402426,0.288433467,0.666318959,-0.489494753,2.002723759,-0.205733792,-0.581394901,-0.581394901,0.715119128,0.613492524,0.747396375,0.312245734,0.977396526,0.41849943,0.280487167,0.280487167,1,0.014118614,0.029134287,-0.188640974,0.067669186,0.007941444,0,0,0.613492524,0.002752067
57,3/31/2003,0.568402426,0.97581774,0.444279228,-0.377450056,-1.135996287,-0.526315642,1.705425043,-0.581394901,0.715119128,0.835422604,0.671579641,0.352919587,0.127979059,0.299334458,0.955942409,0.280487167,1,0.026647651,0.023099,-0.132499995,-0.024999828,0.001827188,1,0,0.835422604,-0.051959613
58,6/30/2003,0.568402426,1.196126411,0.280809135,-0.314312873,0.87890913,0.61934153,-0.581394901,1.705425043,0.715119128,0.884176384,0.610571602,0.376641711,0.810274726,0.732154305,0.280487167,0.955942409,1,0.030663245,0.0186557,-0.100864556,0.034489166,0.023677589,0,1,0.884176384,0.127678653
59,9/30/2003,0.568402426,0.683951425,0.835786682,-0.324101495,-0.3010766,1.069256044,-0.581394901,-0.581394901,0.715119128,0.75299708,0.79836254,0.372930598,0.381678042,0.857522844,0.280487167,0.280487167,1,0.021327768,0.033740609,-0.105769231,-3.49E-04,0.032258526,0,0,0.75299708,-0.004755274
60,12/31/2003,0.568402426,0.890894935,1.947552839,-0.141623268,1.159721169,0.016118805,-0.581394901,-0.581394901,0.715119128,0.813507231,0.974265754,0.443688793,0.876918826,0.506430194,0.280487167,0.280487167,1,0.025099753,0.063959653,-0.014336914,0.04277999,0.0121727,0,0,0.813507231,0.06037965
61,3/31/2004,0.568402426,1.853847993,0.773165834,-0.11301003,2.064421519,-0.566240707,1.705425043,-0.581394901,0.715119128,0.968119545,0.780287878,0.455011302,0.980511116,0.285615081,0.955942409,0.280487167,1,0.042651617,0.032038505,0,0.069490779,0.001065722,1,0,0.968119545,0.122975825
62,6/30/2004,0.568402426,1.513664106,1.889952351,0.235343222,0.294088066,-0.089244674,-0.581394901,1.705425043,0.715119128,0.934944473,0.970617833,0.593028825,0.615654695,0.464443731,0.280487167,0.955942409,1,0.036451043,0.062394008,0.174545454,0.01722264,0.010163168,0,1,0.934944473,0.146695777
63,9/30/2004,0.568402426,0.84766671,3.340777925,0.646990534,-0.685460842,0.894949655,-0.581394901,-0.581394901,0.715119128,0.801688194,0.99958228,0.741180965,0.246526581,0.814592999,0.280487167,0.280487167,1,0.024311827,0.101829066,0.380804952,-0.011698013,0.02893409,0,0,0.801688194,0.060476193
64,12/31/2004,0.568402426,1.160306493,0.99802504,0.585063331,1.884028824,-0.116532474,-0.581394901,-0.581394901,0.715119128,0.877037979,0.840866392,0.720747433,0.970219462,0.453615275,0.280487167,0.280487167,1,0.03001035,0.038150429,0.349775784,0.064164782,0.009642725,0,0,0.877037979,0.091070483
65,3/31/2005,0.568402426,1.983333963,1.201726093,0.414112961,0.027987452,-0.231782604,1.705425043,-0.581394901,0.715119128,0.976334931,0.885265166,0.660604309,0.51116392,0.408353435,0.955942409,0.280487167,1,0.045011773,0.04368725,0.264119601,0.009366163,0.007444632,1,0,0.976334931,0.116969401
66,6/30/2005,0.568402426,1.571774083,1.739101579,0.144001576,-0.240142841,-0.245247297,-0.581394901,1.705425043,0.715119128,0.941998523,0.958991552,0.557250387,0.405109762,0.403132478,0.280487167,0.955942409,1,0.037510221,0.058293716,0.128777921,0.001449761,0.007187828,0,1,0.941998523,0.093485626
67,9/30/2005,0.568402426,0.648682142,1.407278563,0.233171932,0.642476444,0.390126542,-0.581394901,-0.581394901,0.715119128,0.741728075,0.920327598,0.59218605,0.73971806,0.651778511,0.280487167,0.280487167,1,0.02068491,0.049274396,0.17345751,0.027508618,0.019305915,0,0,0.741728075,0.077497426
68,12/31/2005,0.568402426,0.18049692,1.242162362,0.164180784,0.221398145,-0.75639241,-0.581394901,-0.581394901,0.715119128,0.571618764,0.892911668,0.565205586,0.587608782,0.224706979,0.280487167,0.280487167,1,0.012151241,0.044786353,0.13888889,0.015076509,-0.002560922,0,0,0.571618764,-0.028098775
69,3/31/2006,0.568402426,0.267912831,0.352962403,0.182531389,0.373677083,-3.243675552,1.705425043,-0.581394901,0.715119128,0.605616792,0.637941687,0.572417138,0.645677711,0.00058999,0.955942409,0.280487167,1,0.013744581,0.020616907,0.148083622,0.019572462,-0.049999314,1,0,0.605616792,0.01550935
70,6/30/2006,0.568402426,-0.421328712,-0.077801363,0.02781468,-0.10940465,-1.144705124,-0.581394901,1.705425043,0.715119128,0.336757533,0.468993031,0.511095021,0.456440773,0.126165664,0.280487167,0.955942409,1,0.001181691,0.008908267,0.070561457,0.005309735,-0.009966967,0,1,0.336757533,-0.033479322
71,9/30/2006,-1.744407445,-0.71434651,-0.290013364,-0.02672923,-1.651578249,0.593381859,-0.581394901,-0.581394901,0.040544034,0.23750647,0.385903007,0.48933785,0.049310279,0.723537187,0.280487167,0.280487167,0,-0.00415918,0.003140108,0.043231752,-0.040222107,0.023182476,0,0,0.23750647,-0.131822891
72,12/31/2006,-1.744407445,-0.837884623,-0.631305221,-0.114365858,0.977252347,-1.093484643,-0.581394901,-0.581394901,0.040544034,0.201047753,0.263920487,0.454473889,0.835777881,0.137090534,0.280487167,0.280487167,0,-0.006410925,-0.006136586,-6.79E-04,0.037392696,-0.008990071,0,0,0.201047753,-0.124627146
73,3/31/2007,-1.744407445,-0.668871443,-0.920091657,-0.080448119,1.212606409,-0.892047621,1.705425043,-0.581394901,0.040544034,0.251788744,0.178762432,0.467940429,0.887359831,0.186183704,0.955942409,0.280487167,0,-0.003330301,-0.013986123,0.016315432,0.044341398,-0.005148189,1,0,0.251788744,-0.007220671
74,6/30/2007,-1.744407445,-1.009372567,-1.035600374,-0.211797496,-2.265519992,-0.289104365,-0.581394901,1.705425043,0.040544034,0.156397995,0.150194309,0.416132511,0.011740394,0.386250757,0.280487167,0.955942409,0,-0.009536657,-0.017125779,-0.049498326,-0.058348406,0.00635137,0,1,0.156397995,-0.133208742
75,9/30/2007,-1.744407445,-1.939129024,-1.76693477,-0.295593144,-0.28924656,0.915976968,-0.581394901,-0.581394901,0.040544034,0.026242815,0.038619577,0.383770405,0.386196352,0.820160512,0.280487167,0.280487167,0,-0.026483442,-0.037004264,-0.091484871,0,0.02933513,0,0,0.026242815,-0.13504647
76,12/31/2007,-1.744407445,-2.348990794,-1.894236103,-0.536590226,-0.846727922,-1.126941969,-0.581394901,-0.581394901,0.040544034,0.009412186,0.029096839,0.295775348,0.198573396,0.129883509,0.280487167,0.280487167,0,-0.033954043,-0.040464456,-0.212238574,-0.016459336,-0.009628181,0,0,0.009412186,-0.297616096
77,3/31/2008,-1.744407445,-1.273591059,-2.459868583,-0.905824815,-0.484523109,-0.847013604,1.705425043,-0.581394901,0.040544034,0.101404191,0.006949395,0.182514292,0.314007334,0.198493769,0.955942409,0.280487167,0,-0.0143526,-0.055838978,-0.397246805,-0.005765435,-0.004289283,1,0,0.101404191,-0.176934272
78,6/30/2008,-1.744407445,-1.468294939,-3.423335084,-0.51997859,-0.145525696,-0.594861561,-0.581394901,1.705425043,0.040544034,0.071012063,0.000309289,0.301539249,0.442147915,0.275968007,0.280487167,0.955942409,0,-0.017901491,-0.082027072,-0.203915168,0.004243281,5.20E-04,0,1,0.071012063,-0.123934327
79,9/30/2008,-1.744407445,-3.17801599,-3.178591326,-0.276598058,-1.553426168,-0.389658165,-0.581394901,-0.581394901,0.040544034,0.000741433,0.000739963,0.391044378,0.060160678,0.348394668,0.280487167,0.280487167,0,-0.049064787,-0.075374664,-0.081967217,-0.03732422,0.00443357,0,0,0.000741433,-0.27311433
80,12/31/2008,-1.744407445,-3.333093863,-1.673285951,-1.712302014,-1.235719938,-2.217998523,-0.581394901,-0.581394901,0.040544034,0.00042943,0.047135508,0.043420513,0.108281342,0.013277467,0.280487167,0.280487167,0,-0.051891411,-0.034458784,-0.801339283,-0.027944115,-0.030437219,0,0,0.00042943,-0.371151806
81,3/31/2009,0.568402426,-0.310140299,-0.75241347,-0.6736207,-2.379376401,-2.078492375,1.705425043,-0.581394901,0.715119128,0.378227134,0.225901224,0.250276245,0.008670979,0.018832016,0.955942409,0.280487167,1,0.003208336,-0.009428443,-0.280898896,-0.061709955,-0.027776506,1,0,0.378227134,-0.20998166
82,6/30/2009,0.568402426,0.266843948,-2.08538242,-0.487217633,1.492819343,-1.570156232,-0.581394901,1.705425043,0.715119128,0.605205342,0.018517301,0.313052055,0.932257759,0.058189385,0.280487167,0.955942409,1,0.013725099,-0.045660026,-0.187500003,0.052614533,-0.018081329,0,1,0.605205342,-0.073592321
83,9/30/2009,-1.744407445,-1.439755315,-1.218215173,-0.304911289,-1.233813995,-0.991547346,-0.581394901,-0.581394901,0.040544034,0.074968319,0.111571108,0.380216859,0.108636112,0.160709193,0.280487167,0.280487167,0,-0.017381296,-0.022089453,-0.09615381,-0.027887843,-0.007045885,0,0,0.074968319,-0.279648733
84,12/31/2009,-1.744407445,-1.917473687,-0.282853806,-1.386908203,0.698347455,-1.882372775,-0.581394901,-0.581394901,0.040544034,0.02758889,0.388644453,0.082734878,0.757520036,0.02989271,0.280487167,0.280487167,0,-0.026088728,0.003334713,-0.638297859,0.02915818,-0.024036039,0,0,0.02758889,-0.196705598
85,3/31/2010,0.568402426,0.588595116,-0.661695952,1.647966789,0.144127249,-0.704803878,1.705425043,-0.581394901,0.715119128,0.721933545,0.25408305,0.950320257,0.557300006,0.240466147,0.955942409,0.280487167,1,0.019589697,-0.006962639,0.882352889,0.012795128,-0.001577006,1,0,0.721933545,0.039766506
86,6/30/2010,-1.744407445,-0.682245286,-0.511596158,0.635405139,-0.625452751,-1.344173035,-0.581394901,1.705425043,0.040544034,0.247541932,0.304466837,0.737417891,0.265836975,0.08944622,0.280487167,0.955942409,0,-0.003574068,-0.00288276,0.374999988,-0.009926306,-0.013771293,0,1,0.247541932,-0.061067083
87,9/30/2010,-1.744407445,-2.106518812,-0.221655075,0.023065456,0.142942268,-1.33653541,-0.581394901,-0.581394901,0.040544034,0.017579655,0.412291203,0.50920097,0.556832112,0.090687167,0.280487167,0.280487167,0,-0.029534476,0.004998162,0.068181817,0.012760142,-0.013625626,0,0,0.017579655,-0.145002369
88,12/31/2010,-1.744407445,-1.904836047,-0.819909978,-0.367789665,-0.375601159,0.510066896,-0.581394901,-0.581394901,0.040544034,0.028400693,0.206133714,0.356515038,0.353606714,0.694997702,0.280487167,0.280487167,0,-0.02585838,-0.011263073,-0.127659572,-0.002549573,0.021593462,0,0,0.028400693,-0.137962083
89,3/31/2011,0.568402426,0.465453606,-1.694562639,-0.25904226,0.510391054,0.600869259,1.705425043,-0.581394901,0.715119128,0.679196673,0.04507921,0.397801317,0.695111238,0.726036465,0.955942409,0.280487167,1,0.017345181,-0.035037108,-0.07317073,0.023608869,0.023325279,1,0,0.679196673,0.016742968
90,6/30/2011,0.568402426,-0.163046978,-1.002477795,-1.373498742,0.019257571,-0.306452532,-0.581394901,1.705425043,0.715119128,0.435240723,0.158056443,0.084798676,0.507682184,0.379630058,0.280487167,0.955942409,1,0.005889424,-0.01622547,-0.631578931,0.009108418,0.006020499,0,1,0.435240723,-0.105567177
91,9/30/2011,-1.744407445,-2.302407175,-0.274626165,-1.110897168,-1.295146139,0.044801909,-0.581394901,-0.581394901,0.040544034,0.01065611,0.391801731,0.133306307,0.09763491,0.517867398,0.280487167,0.280487167,0,-0.033104958,0.003558349,-0.500000107,-0.029698642,0.012719755,0,0,0.01065611,-0.216402553
92,12/31/2011,-1.744407445,-1.312696601,-0.530274015,-0.968341801,-0.736455382,-0.108272273,-0.581394901,-0.581394901,0.040544034,0.094642602,0.29796098,0.166436847,0.230726806,0.456889858,0.280487167,0.280487167,0,-0.015065381,-0.003390445,-0.42857149,-0.013203599,0.009800267,0,0,0.094642602,-0.214501863
93,3/31/2012,0.568402426,2.052291065,-0.827833099,7.870088349,1.961220673,-0.03953599,1.705425043,-0.581394901,0.715119128,0.979929308,0.203882513,1,0.975073357,0.48423153,0.955942409,0.280487167,1,0.046268663,-0.011478432,4.0000015,0.066443829,0.011111231,1,0,0.979929308,0.149936163
94,6/30/2012,0.568402426,0.894744554,-0.333050374,0.485722094,0.039126543,0.637755005,-0.581394901,1.705425043,0.715119128,0.814538172,0.369548129,0.686417892,0.515605251,0.738183413,0.280487167,0.955942409,1,0.02516992,0.001970314,0.299999985,0.009695038,0.024028777,0,1,0.814538172,0.09103071
95,9/30/2012,-1.744407445,-0.681119918,0.385441986,0.270792464,1.480302491,0.786588604,-0.581394901,-0.581394901,0.040544034,0.247897807,0.65004501,0.606724672,0.930603731,0.784238634,0.280487167,0.280487167,0,-0.003553555,0.021499738,0.192307608,0.05224498,0.026867387,0,0,0.247897807,0.088764397
96,12/31/2012,0.568402426,0.228367696,0.351796487,-0.43490892,-0.048350744,0.060730361,-0.581394901,-0.581394901,0.715119128,0.5903198,0.637504553,0.33181427,0.480718357,0.524213024,0.280487167,0.280487167,1,0.013023787,0.020585216,-0.161290263,0.007112319,0.013023548,0,0,0.5903198,-0.077462577
97,3/31/2013,0.568402426,2.505767359,0.424420871,-0.11301003,0.775817199,0.143897914,1.705425043,-0.581394901,0.715119128,0.993890701,0.664370549,0.455011302,0.781071536,0.557209459,0.955942409,0.280487167,1,0.054534231,0.022559227,0,0.031445432,0.014609751,1,0,0.993890701,0.11568207
98,6/30/2013,0.568402426,1.430400327,1.32634195,-0.957375933,0.966507057,0.665494518,-0.581394901,1.705425043,0.715119128,0.923698923,0.907636771,0.169188771,0.833104741,0.747132876,0.280487167,0.955942409,1,0.034933384,0.047074448,-0.423076945,0.037075447,0.024557836,0,1,0.923698923,0.148915456
99,9/30/2013,0.568402426,-0.388134556,1.659824175,-0.778268112,-0.94319751,0.958433579,-0.581394901,-0.581394901,0.715119128,0.34895823,0.951525086,0.218205485,0.172789943,0.831077915,0.280487167,0.280487167,1,0.001786725,0.056138867,-0.3333334,-0.019307549,0.030144879,0,0,0.34895823,-0.044237873
100,12/31/2013,0.568402426,-0.226914442,0.825903232,1.683186611,0.984171548,0.113027316,-0.581394901,-0.581394901,0.715119128,0.410245136,0.795570506,0.953830514,0.837484414,0.544995551,0.280487167,0.280487167,1,0.004725304,0.033471966,0.90000009,0.037596982,0.014020975,0,0,0.410245136,0.115475886
101,3/31/2014,0.568402426,1.04590735,0.392528141,-0.638213492,-0.139983739,0.183198306,1.705425043,-0.581394901,0.715119128,0.852198095,0.652665989,0.261667358,0.444336419,0.572678788,0.955942409,0.280487167,1,0.027925183,0.021692347,-0.263157803,0.004406904,0.015359302,1,0,0.852198095,0.027963022
102,6/30/2014,0.568402426,0.397734931,0.557690688,-0.683231374,0.808804974,0.903339691,-0.581394901,1.705425043,0.715119128,0.654587207,0.711472191,0.247230325,0.790686333,0.816827181,0.280487167,0.955942409,1,0.016110865,0.02618165,-0.285714408,0.032419378,0.029094107,0,1,0.654587207,0.133774268
103,9/30/2014,-1.744407445,-0.681276391,0.376798723,-0.512164441,-0.829026914,0.815679259,-0.581394901,-0.581394901,0.040544034,0.24784831,0.646838405,0.304267964,0.203544589,0.792658198,0.280487167,0.280487167,0,-0.003556407,0.021264804,-0.19999982,-0.015936723,0.027422215,0,0,0.24784831,-0.081952752
104,12/31/2014,0.568402426,-0.374487747,0.00114678,-0.362482229,2.278640891,0.181023584,-0.581394901,-0.581394901,0.715119128,0.354020736,0.500457499,0.358495851,0.988655789,0.571825468,0.280487167,0.280487167,1,0.002035467,0.011054165,-0.125000234,0.07581549,0.015317825,0,0,0.354020736,-0.003265177
105,3/31/2015,0.568402426,1.078363947,-0.092523578,0.17210113,-1.482707462,0.161235923,1.705425043,-0.581394901,0.715119128,0.859564315,0.46314103,0.568320988,0.069076076,0.564046206,0.955942409,0.280487167,1,0.028516774,0.008508101,0.142857449,-0.035236288,0.014940428,1,0,0.859564315,-0.016497688
106,6/30/2015,0.568402426,0.495966578,0.493676951,-0.611953679,-0.214870653,0.784518787,-0.581394901,1.705425043,0.715119128,0.690041004,0.689232827,0.270284202,0.414934083,0.783632119,0.280487167,0.955942409,1,0.017901345,0.024441685,-0.250000094,0.002195908,0.026827911,0,1,0.690041004,0.065752135
107,9/30/2015,0.568402426,-0.393092862,0.61308957,1.882763816,0.402141968,1.045208023,-0.581394901,-0.581394901,0.715119128,0.347125448,0.730091442,0.970133809,0.656210226,0.852036582,0.280487167,0.280487167,1,0.001696349,0.027687453,1,0.020412873,0.031799873,0,0,0.347125448,0.128241065
108,12/31/2015,0.568402426,-0.318194889,0.111750972,4.044851984,0.587375206,-2.101062943,-0.581394901,-0.581394901,0.715119128,0.375168555,0.544489569,0.999973822,0.721524129,0.017817721,0.280487167,0.280487167,1,0.003061524,0.014060511,2.08333325,0.025881784,-0.02820698,0,0,0.375168555,-0.025870071
109,3/31/2016,0.568402426,0.956190356,0.057710175,2.530042,-0.673591628,-0.178616685,1.705425043,-0.581394901,0.715119128,0.830511964,0.523010256,0.994297556,0.250285489,0.429119346,0.955942409,0.280487167,1,0.026289901,0.012591622,1.324324414,-0.011347581,0.008458632,1,0,0.830511964,0.07219037
110,6/30/2016,0.568402426,0.526288761,0.24447042,-0.321870082,0.741126913,0.677390045,-0.581394901,1.705425043,0.715119128,0.700656205,0.596566746,0.37377556,0.770691754,0.750920744,0.280487167,0.955942409,1,0.018454031,0.017667973,-0.104651162,0.03042122,0.024784712,0,1,0.700656205,0.121397396
111,9/30/2016,0.568402426,-0.273082046,0.337332433,0.198019656,-0.787388311,0.760391101,-0.581394901,-0.581394901,0.715119128,0.392395074,0.632066843,0.578485158,0.215527294,0.776489579,0.280487167,0.280487167,1,0.003883801,0.020192067,0.155844154,-0.014707366,0.026367739,0,0,0.392395074,-0.039409465
112,12/31/2016,0.568402426,-0.126019378,0.153347942,0.783966947,0.963550151,-0.057356185,-0.581394901,-0.581394901,0.715119128,0.449858293,0.560938052,0.783470247,0.832364245,0.477130732,0.280487167,0.280487167,1,0.006564331,0.015191163,0.449438186,0.036988146,0.010771358,0,0,0.449858293,0.035812935
113,3/31/2017,0.568402426,1.008556248,0.313642357,0.629603494,-0.644152603,-0.390307965,1.705425043,-0.581394901,0.715119128,0.84340625,0.623103657,0.735522981,0.259738241,0.348154417,0.955942409,0.280487167,1,0.02724438,0.019548144,0.372093023,-0.010478409,0.004421177,1,0,0.84340625,0.033824812
114,6/30/2017,0.568402426,0.612461107,0.447174053,0.901790231,0.25418416,0.021445149,-0.581394901,1.705425043,0.715119128,0.729883639,0.672625303,0.816415845,0.600323356,0.508554721,0.280487167,0.955942409,1,0.020024705,0.023177684,0.508474576,0.016044498,0.012274286,0,1,0.729883639,0.139058134
115,9/30/2017,0.568402426,-0.128241646,0.313769156,0.215881547,0.377539403,-0.096915095,-0.581394901,-0.581394901,0.715119128,0.448978872,0.623151814,0.585459959,0.647113606,0.461396911,0.280487167,0.280487167,1,0.006523825,0.01955159,0.164794011,0.019686495,0.010016875,0,0,0.448978872,-0.020317229
116,12/31/2017,0.568402426,0.006878189,0.258087215,0.21427121,1.025555026,-0.272350967,-0.581394901,-0.581394901,0.715119128,0.502743979,0.601830201,0.584832216,0.847449312,0.392676085,0.280487167,0.280487167,1,0.008986671,0.018038093,0.163987138,0.038818807,0.006670897,0,0,0.502743979,-0.002039642
117,3/31/2018,0.568402426,0.962374143,0.356246911,0.471387829,-0.760511209,-0.446590132,1.705425043,-0.581394901,0.715119128,0.832069151,0.639172168,0.681318097,0.223474536,0.327585511,0.955942409,0.280487167,1,0.026402613,0.020706183,0.292817676,-0.013913834,0.003347743,1,0,0.832069151,0.017996648
118,6/30/2018,0.568402426,0.294490324,0.610301981,0.245205788,-2.016546111,-0.080663049,-0.581394901,1.705425043,0.715119128,0.615808372,0.729169108,0.596851453,0.021871451,0.467854962,0.280487167,0.955942409,1,0.014229013,0.027611683,0.179487179,-0.050997586,0.01032684,0,1,0.615808372,0.008696091
119,9/30/2018,,,0.204186077,0.103922604,0.825862748,0.253336276,,,,,,,,,,,,,0.016573,0.108696,0.032923,0.016697,,,,
